종목?종목코드,기업코드,?정??,
지?앤컴퍼??314130,1276026,20210216,
?젠,69080,405320,20210215
?리??115440,664048,20210217,
마이?로????305090,1267967,20210217,
?노,187790,994994,20210216
?오?066910,306870,20210216,
?로?스,42600,147994,20210217
?씨?렉??051380,297934,20210217,
?큐?,160600,818472,20210125
케?엠?약,225430,1095704,20210126
교보9?스??331520,1398151,20210126,
?추?FNP,86220,523176,20210217
로보로보,215100,1063990,20210217
DSR?강,69730,151298,20210215
교보10?기?인?목??355150,1476219,20210126,
?이비???339950,1414422,20210217,
메디?디?스??233250,1035942,20210215,
미래?셋맵스리츠,357250,1437292,20210127
?국??기계,101680,257732,20210128
비비??318410,1153105,20210217,
?기,122350,799177,20210217
?앤?스링크,245450,1116380,20210217
?나?티??033270,158963,20210215,
지?언??263860,962223,20210215,
?라??033540,105138,20210105,
?스코??스,15360,105101,20210105
?노?스,25320,203023,20210105
모나리자,12690,173102,20210215
?웨???스,4870,109514,20210215
?앤지?이?크,264660,605328,20210215
?화??,4450,129235,20210215
백산,35150,122551,20210215
?엔?이치테??239890,1112889,20210216,
비엔?생?건?215050,1055317,20210112,
?림지?003380,148364,20210204,
?스코넥,96630,573269,20210217
?성?약,1360,126414,20210217
?인베스??133820,661847,20210217,
극동?선,6250,105165,20210215
?쳐?트림네?웍??214270,1061497,20210215,
CNH,23460,149266,20210215
?아메탈,33020,206084,20210216
?모??052710,298447,20210216,
?영?엔??065570,288343,20210127,
?진뷰티?이?스,86710,132202,20210127
SK케미칼,285130,1267170,20210216
?성카드,29780,126292,20210111
코리?센??290510,540340,20210216,
????스,84690,539274,20210216
TJ미디??032540,201733,20210128,
?니??196300,808086,20210216,
?투?이,347890,670766,20210215
?국?재,540,103176,20210129
?터??017250,145914,20210202,
?진?팩4??321260,1359736,20210202,
?진?팩5??331380,1393721,20210202,
?스?엠?명과학,298060,1110474,20210216
?트?096040,480756,20210215,
???레지?스리츠,350520,1436628,20210215
?녹?첨?소??272290,1237540,20210217,
바이?리?스,142760,587925,20210217
?스지,81970,584362,20210208
?천기계,10660,166500,20210216
?익머트리얼?104830,623661,20210216,
?씨?생명과??228180,1067242,20210216,
멜파??096640,609315,20210128,
부광약??003000,123718,20210205,
케?티?카?라?프,53210,349097,20210216
?바?083930,442145,20210216,
?월??140660,663289,20210216,
?국???탁,34830,233653,20210215
미원?학,134380,855163,20210205
?이치엔?스?이??044990,311216,20210215,
차바?오??085660,525679,20210222,
?진?이??081000,508274,20210202,
?????스,363280,1497869,20210205
?시?092870,611736,20210223,
중앙백신,72020,415327,20210223
?눔?크,244880,1117422,20210205
?원?스??058480,252001,20210222,
?에?티,311060,1264234,20210222
?스?318010,986898,20210215,
SG&G,40610,264714,20210222
?일고무벨트,163560,939687,20210222
??지??115610,694942,20210205,
?카금융?비??211050,1013694,20210218,
?도?엔지,37350,216498,20210218
?국맥널??222980,579139,20210218,
?일?엔?쓰,191410,843900,20210222
바다?9??155900,910947,20210222,
?람?에?치??143240,857480,20210222,
SK6?스??340350,1414936,20210222,
??매트?,317690,1311286,20210209
??바이??293780,1251595,20210209,
?드??348350,925587,20210222,
?프리카TV,67160,399694,20210222
?원?스?323350,1344363,20210222,
?텍??스,36710,152127,20210218
?텍,222800,1095722,20210218
?트룩스,304100,1050738,20210218
?엔?테?먼??068050,397191,20210218,
?루??248070,1159233,20210217,
??리?헬????091990,554024,20210105,
OQP,78590,230814,20210105
?루??스,320,113508,20210209
루켄?크?????162120,886792,20210215,
?온?플,300120,1251489,20210222
브릿지바이??288330,1227039,20210218,
???,5690,145163,20210218
?이?씨,52860,365758,20210218
?스?코??007820,137915,20210218,
?닉??317120,1327092,20210218,
코??183300,997812,20210218,
?오?레?311390,1219155,20210223,
모트?스,118990,876908,20210223
?스?오,98660,612188,20210223
OCI,10060,148896,20210106
?레칩스,54450,423177,20210222
HRS,36640,230911,20210222
?성,4830,114093,20210218
?바?오??278380,1138993,20210209,
?문?자,14910,132628,20210218
?국?니?제??080720,532855,20210222,
?센??어,2350,173874,20210218
KG케미칼,1390,101220,20210218
?이치모?스,67990,449379,20210223
PI첨단?재,178920,767460,20210218
?워??스,266870,1190780,20210218
?국철강,104700,687711,20210218
KISCO??스,1940,159740,20210218
?거,163730,1142075,20210129
보령?약,3850,123143,20210222
?리?트,115180,1042650,20210222
?원?업,4430,134963,20210107
메디?나,41920,273439,20210218
??엠??155650,870861,20210215,
?선?크,250930,1166109,20210215
?에?아??277880,1139035,20210218,
마이?로?랜??147760,654175,20210218,
?로?옴??303360,1267958,20210218,
?플?스글로벌,140070,599285,20210218
코스모신?재,5070,129989,20210218
메디?스,86900,580199,20210222
??제?084010,113225,20210219,
?나?약,293480,248974,20210223
?지?004990,120562,20210113,
GS리테??007070,140177,20210108,
경남???192520,1030132,20210111,
?성증권,16360,104856,20210111
?연,7860,163114,20210218
?일?트?스,46110,277736,20210215
???스?레,37330,265421,20210215
?세?이??065370,374738,20210222,
?양?스??092780,117726,20210222,
?리??237880,957735,20210222,
?이?켐??171120,317104,20210118,
?우IB,293580,651017,20210121
DB?해보험,5830,159102,20210111
SK?레?017670,159023,20210111,
?니?스??057540,265005,20210111,
모보,51810,347442,20210215
?터지??129260,151368,20210215,
?국?탠?드차?????000110,148504,20210215,
CJ?푸??011150,129013,20210217,
?릭??226950,1113718,20210222,
쿠쿠??스,192400,132354,20210222
무림P&P,9580,119007,20210222
?바?오,352940,367871,20210222
?어비스,263750,1152470,20210222
케?비증권,3450,164876,20210106
?국?티???016830,161444,20210114,
진성?이??036890,174208,20210219,
SDN,99220,574611,20210222
?도기연,290520,961570,20210218
로보?즈,108490,946030,20210217
?씨??241820,1051092,20210217,
코리?에?이,101670,527491,20210217
?국콜마,161890,939331,20210222
카페24,42000,260879,20210217
?우코스,257990,425254,20210217
?카?문?테??로?,33790,276083,20210106
?즈코퍼?이??143210,119140,20210223,
브이?텍,251630,1027794,20210223
코세??089890,365934,20210223,
?경?업,18250,139454,20210222
DB금융?팩8??367340,1505450,20210218,
?터??278650,1189438,20210217,
?프리마?이치큐,94840,599957,20210217
??밸?스???스??369370,1508855,20210217,
?이??297890,523936,20210217,
?네?온,290270,1251577,20210222
DB금융?자,16610,115694,20210111
SK?트?스,1740,131780,20210111
?이?스?텍,207490,832700,20210223
?럼?인?명과학,222670,1063237,20210218
?노??066830,393618,20210218,
?나금융16?스??343510,1419384,20210217,
?워??037030,231354,20210217,
창해?탄??004650,123523,20210222,
CS??스,590,149026,20210216
조선?재,120030,796994,20210216
??글로비??086280,360595,20210218,
조광?혁,4700,148939,20210218
KPX케미칼,25000,191472,20210217
???티,290550,1137903,20210217
?이?사?언?테??로?,285770,1187175,20210222
?종공업,33530,134510,20210222
?트?091700,490151,20210222,
박?바이??323990,1335851,20210219,
KC그린??스,9440,159971,20210118
모바?어?라?언??087260,556615,20210223,
?토바이?메??327610,1336735,20210223,
코퍼?코리아,322780,1364297,20210218
?마리서치바?오,217950,1066058,20210218
?아?강,306200,1325979,20210218
?원,9270,136864,20210217
?신?우?090410,454937,20210219,
?천?시가??034590,145862,20210219,
?트?290740,1141942,20210223,
?풍?약,19170,137359,20210204
?나머스?제6?스??307160,1326260,20210222,
?솔?엔?스,10420,103626,20210218
?에?엠??066350,397243,20210218,
SKC,11790,139889,20210114
?창스??140520,112721,20210218,
?스?아??039440,298340,20210218,
?오,39840,115931,20210217
?독?린??256150,1069736,20210217,
KMH,122450,657987,20210219
그리??204020,671978,20210219,
지?스??053050,351995,20210222,
모두?어,80160,456218,20210201
??아????232140,1109539,20210223,
?비??254120,1174038,20210205,
?니??011320,147152,20210222,
?이?어,175250,554352,20210218
NICE???보,30190,158325,20210218
?노?344860,1419135,20210126,
?노?이,122310,799539,20210218
?봉엘?스,78140,442826,20210218
?국?기초자,9720,159175,20210219
?세????069640,357360,20210222,
?본,35610,249982,20210222
?아베스??001430,106669,20210118,
지?엘,14590,106456,20210208
?니??014830,159786,20210210,
?에?산??241510,1119387,20210126,
CJ,1040,148540,20210128
?신?자,263810,760999,20210215
?림?인,35430,249034,20210215
?경?업,15890,153339,20210215
?니??037760,239596,20210215,
중앙?너비스,440,149770,20210209
루트로닉,85370,549925,20210210
KCC건설,21320,105466,20210205
?이즈항?221840,688358,20210205,
?프???드,64850,331016,20210209
?전기전,189860,869272,20210210
비에?치,90460,447609,20210205
메디?스,14100,267854,20210127
?프?텍,73540,442561,20210127
NHN?국?이버결??060250,357740,20210127,
?로??039830,141556,20210128,
구영?크,53270,202060,20210104
?브?컴?니,43090,351454,20210128
????물,36480,177320,20210209
?나?어,39130,269940,20210210
?이치엘비생명과??067630,365590,20210104,
?티?스,139050,656021,20210201
?네마스??139670,535375,20210210,
지?블?바?텍,36180,257149,20210106
?이?원,230980,1110076,20210106
비씨?드?약,200780,256043,20210201
진바?오??086060,491053,20210209,
?피케??048830,108490,20210215,
?엘?이,62860,261887,20210215
?니??036200,260569,20210107,
LG?자,66570,401731,20210107
?화?해보험,370,135917,20210108
?스?너지,95910,585538,20210108
?른?축???007330,124805,20210113,
지?지교시?리??208350,1047169,20210120,
?에?컴?니,224760,929228,20210215
?국금융지?071050,432102,20210111,
LG?우?스,108670,759513,20210112
?국???기?인?목??291210,1277928,20210115,
?이치엠?제4?스??353070,1447217,20210201,
?이치엠?제5?스??353060,1447244,20210201,
?링??313760,863038,20210202,
범양??002480,122728,20210210,
??리??068270,413046,20210104,
?이?진?000080,150244,20210104,
?이?진로??스,140,148993,20210104
???렉?릭,267260,1205851,20210104
?고켐바?오,141080,842619,20210104
LG?사,1120,120076,20210112
?스?어,70300,683007,20210112
?영건설,9410,153861,20210112
???품,4310,164706,20210208
??팜,332570,1015160,20210209
?노??222420,1091054,20210210,
??화??024890,112022,20210210,
?구???005270,109019,20210107,
?천?004690,128555,20210107,
?스코인?내?널,47050,124504,20210107
??제?엠게임?193250,1035678,20210215,
?라?드?어,36170,232821,20210113
케?랩??263700,1187148,20210203,
?산가,277410,1243161,20210203
?종메디?258830,959229,20210203,
?아??어,282690,1262458,20210209
?에?오?메?션,140670,858124,20210210
?이비온,203400,977377,20210210
매커??093520,596677,20210210,
GS,78930,500254,20210107
JTC,950170,1041828,20210215
?브리봇,270660,1201590,20210215
기업???024110,149646,20210113,
LS,6260,105952,20210114
?바?오??101140,652423,20210203,
?버?인,177830,429694,20210208
?양?틱??225190,992543,20210210,
?풍??,6740,141404,20210210
?비??236810,1051065,20210215,
코오롱?로벌,3070,152880,20210114
?국S&C,100130,415594,20210209
?울?션,63170,410915,20210209
?루?인??090350,583442,20210215,
LG?스?레??034220,105873,20210114,
?트로닉?천??039870,222213,20210114,
?양철?,8970,117629,20210203
?인보우로보?스,277810,1261644,20210203
민앤지,214180,1013311,20210203
?국?산?탁,123890,404701,20210210
케?비??0?스??342550,1418543,20210215,
?엠?트?스,87730,496225,20210118
?브?터,182360,985686,20210118
?펙?비?피,58530,353018,20210210
?고?이?스,191420,926522,20210219
?스??069510,306719,20210222,
?일철강,2220,163196,20210218
?래?스,214150,1061327,20210222
??캐피??008270,260356,20210216,
?클?174900,991191,20210216,
?라?해???스,5740,153126,20210216
?톤?포?123750,821607,20210203,
고바?오??348150,1399071,20210219,
?화콘텍,187270,925189,20210219
?일?품,61250,188973,20210219
지?소?트,51160,389110,20210222
?아??스,58650,377610,20210215
?스?이??060540,379229,20210222,
?원?업,6040,118026,20210222
광동?약,9290,103592,20210222
?함?텍,9280,130046,20210222
?라?제?264900,1205329,20210216,
글로벌?스?리,204620,1042711,20210219
케?엠,83550,242934,20210222
?앤?바?오??246710,1109937,20210222,
본느,226340,1098792,20210222
???290380,384948,20210222,
ITX-AI,99520,627029,20210222
미래?셋벤처?자,100790,340096,20210215
SK5?스??337450,1414361,20210222,
DB?이??000990,160843,20210219,
?티?디?스,309900,1350638,20210208
글로앤??035480,255141,20210208,
코오롱플?스??138490,241005,20210216,
?이?스,228850,899459,20210217
HDC?이콘트롤스,39570,350312,20210217
?코?루??052510,346966,20210219,
?원물산,1420,154055,20210219
?니?스??077500,414601,20210219,
?스?스??275630,1250374,20210222,
?진?스??178320,838005,20210222,
SK4?스??307070,1336285,20210217,
?국바이?젠,318000,876166,20210222
?이브이??054950,361381,20210222,
케?프?에?제4??347140,1428249,20210222,
BGF,27410,219097,20210216
빅텍,65450,385363,20210216
??품,2720,104722,20210216
?라,14790,161116,20210216
비상교육,100220,520887,20210216
?비?크,208850,1116344,20210216
?인?모바일,318020,962393,20210219
?나금융17?스??363260,1493535,20210219,
?리기술,32820,231044,20210219
?엔??072130,416654,20210219,
?영?팩5??323280,1366000,20210219,
??반도?042700,161383,20210219,
?비??079980,362238,20210219,
?양????078350,488989,20210219,
무림?이??009200,136086,20210222,
?에????319660,1365825,20210222,
??전??001440,113207,20210216,
?플바이??304840,1118281,20210219,
?영?팩6??344050,1419986,20210219,
?일금속,109860,118284,20210219
?오?트,290660,1246034,20210222
메카?241770,652007,20210222,
?산?오룩스,213420,1061558,20210222
?시?경??127710,665676,20210222,
?앤?스?진,352700,875237,20210222
메??터?교??215200,1074862,20210216,
???프??354230,1418260,20210217,
RFHIC,218410,1078178,20210219
?스??348210,1080252,20210219,
?테?젠,196170,989619,20210219
?이?팜,106190,409964,20210219
?이?스,114810,625942,20210222
?산?코?아,317330,1021666,20210222
STX조선?양,67250,109453,20210222
베?,177350,813389,20210222
?이??루??263800,877819,20210222,
?오?베??083310,484682,20210222,
배럴,267790,1182240,20210216
??제??069620,427483,20210216,
?프?씨?터,173940,925295,20210216
?알??263690,966168,20210216,
광주???192530,1028164,20210216,
?이?틸,71090,435312,20210219
?프리마?이??317770,1231786,20210217,
?온??243070,1159853,20210219,
케?피?스,256940,1037214,20210219
?전KPS,51600,159218,20210222
?아??003160,118275,20210222,
?솔?크?스,4710,157399,20210222
?이?리?스??214430,612489,20210222,
고영,98460,579999,20210222
?스,347770,1405390,20210222
?우,115960,372253,20210222
?양?키?272550,1060814,20210222,
금양,1570,106119,20210222
?조??003960,109718,20210222,
?릭????084990,359395,20210216,
?로?스,297570,1309795,20210219
부??001270,123772,20210208,
?심??스,72710,459871,20210209
조흥,2600,149345,20210222
?흥,8490,131692,20210216
?화?건,91590,108001,20210216
?암기계공업,100660,166528,20210216
?에?치??181710,983271,20210219,
?나금융15?스??341160,1416457,20210219,
???랩,251280,1115044,20210105
바이?빌,65940,155382,20210115
?앤???어,263720,1186404,20210222
?스?이케??080440,366793,20210222,
??에?엘,69460,428729,20210222
케?프,64820,152437,20210202
?엠?스,73110,494218,20210202
?이?스코퍼?이??194370,332927,20210222,
?텍코리??251970,761059,20210222,
?구바이?제??006620,114686,20210216,
?원?스?즈,14820,132637,20210216
케?아?엔?스,93320,603348,20210125
?진,105840,173944,20210127
?퓨?스,149300,578130,20210127
?인?크?스,106240,755739,20210127
지??방공??071320,159698,20210127,
?양?명,82640,117267,20210127
?엠??136660,816696,20210219,
?주금속,198940,156600,20210219
?에?씨,9780,121154,20210219
?이리츠,140910,860730,20210219
?피??198080,876643,20210222,
진코?텍,250030,1158632,20210222
?더블유케??258610,961507,20210222,
?이?디?비,130580,606293,20210222
?신?스??017370,142883,20210202,
?엔?테??로?,148250,915508,20210216
보라?알,250000,1124680,20210219
?국?빅,21650,160010,20210118
?나금융지?086790,547583,20210128,
?경?화,161000,936787,20210219
NE?률,53290,363927,20210219
?니?러??310200,1335578,20210219,
?오??253590,1170865,20210222,
?젠바이??354200,1397903,20210222,
KMH?이??052900,276834,20210222,
?앤?치,341310,1337017,20210210
?드?무,290720,1259311,20210216
?아?수?019440,133991,20210216,
?이???히??126880,442154,20210219,
?비?이치?로벌,84870,409672,20210219
YW,51390,296263,20210104
린드먼아?아,277070,616962,20210222
??조??031990,110307,20210222,
?엠??123570,616290,20210215,
?원컴포??088290,409140,20210216,
?에?텍,61040,309831,20210216
?이?스?디,317400,367844,20210219
???맥??182400,977650,20210222,
??즈버즈,273060,1236532,20210222
?조?양,6090,141875,20210222
?스?아??137940,614593,20210222,
???003090,111810,20210216,
경보?약,214390,101664,20210219
?성?이?194610,1011562,20210219,
??리?제??068760,541349,20210219,
?양,103840,486875,20210222
까??앤??013700,129420,20210222,
?터코스,240340,1117592,20210222
?샘,9240,161693,20210222
?틸?스,263050,1110678,20210218
캠시??050110,330044,20210222,
?닉??044340,293886,20210222,
SG?계물산,4060,133511,20210222
가비아,79940,506294,20210222
?이?링??170790,492353,20210222,
JW중외?약,1060,149947,20210209
?산?강,22220,140061,20210219
컴퍼????307930,598198,20210224,
?에????109740,530121,20210224,
??에?피,290120,1182578,20210224
AK??스,6840,125080,20210224
??티?이,45390,318316,20210224
로체?스?즈,71280,363486,20210225
?에?엠코리??323230,1384477,20210226,
백광?업,1340,122472,20210226
?스?레?텍,66670,371740,20210225
코람코에??리츠,357120,1430475,20210225
?림?소?트??060850,532129,20210225,
????터?인먼트,122870,613318,20210225
?국비엔??256840,1179617,20210225,
?드메이??317860,1328170,20210224,
?남,294630,867973,20210224
?크?어,84730,438036,20210224
?노?039790,261735,20210224,
?라??스,81660,195229,20210224
그린케미칼,83420,454946,20210224
?씨??024090,177199,20210224,
?스?라,16570,154392,20210225
?신방직,3200,146269,20210226
?림기계,101170,567222,20210226
?도?티?202960,541862,20210226,
???016090,113614,20210224,
?피겐코리아,192440,917861,20210224
??과??131220,608316,20210224,
IBKS??2?스??335870,1405585,20210224,
?상?이???스??307870,1326792,20210224,
?콘?츠??302920,991225,20210225,
?기리텍,199870,929778,20210224
?씨?스,97520,564562,20210225
?스,196700,864338,20210225
?에?윈??112610,670340,20210224,
?비??008600,104999,20210224,
?티?씨,187220,675594,20210224
메드?토,235980,1336373,20210224
?용건설,12650,138206,20210224
?리츠코?렙,88260,544452,20210224
?알??214680,1062867,20210224,
?상?이?제2?스??329560,1390876,20210224,
?이?진,271850,1163050,20210225
KC코트??119650,797364,20210302,
?건설,140290,599489,20210224
???전??033160,121686,20210224,
?경비???014580,122481,20210224,
머큐?100590,364740,20210225,
?국기업??,34950,156956,20210224
?하,27970,133706,20210224
?이???스??340120,1414370,20210302,
케?디?221980,370918,20210226,
?진??스,15860,146649,20210302
?백?축???026970,110060,20210224,
?킨?전??080580,543107,20210224,
?이?트,54780,353762,20210224
?코?128540,870481,20210224,
?컴??037950,242712,20210224,
??????068930,398808,20210224,
?국콜마??스,24720,203290,20210224
메?바이?메??059210,317681,20210224,
?웅로직??124560,562245,20210225,
?보?학,3080,132725,20210225
?소??008120,124577,20210226,
?아?에??138690,670085,20210224,
지??155960,676122,20210224,
?비코전??036010,138598,20210224,
??엠??251370,602172,20210225,
지?스?텍,37640,248053,20210226
?노?라??246960,1110182,20210226,
?조?푸??014710,124780,20210302,
건영,12720,100957,20210302
?마?251270,904672,20210226,
?????060000,386937,20210226,
코아?아?틱??196450,1031502,20210226,
뷰노,338220,1344202,20210226
?드??005670,165103,20210226,
브리지??064480,359076,20210302,
비엔?프코퍼?이??271780,1221947,20210224,
?츠,66130,221728,20210224
?국카본,17960,159795,20210302
바이?스,53030,216027,20210302
?방,4140,115287,20210224
벽산,7210,122898,20210224
?로,15590,108746,20210225
?성?보,33230,229021,20210225
???스?136510,763358,20210224,
케?룸?료?업,327970,1344752,20210302
?일?자,2700,173698,20210224
GKL,114090,557508,20210224
?룡?업,147830,899556,20210224
?창?토??080470,486370,20210223,
???스?디??299900,1276327,20210223,
?이?림?터,348840,1343735,20210224
?이?알??234070,614089,20210224,
케?비17?스??317030,1351114,20210224,
?스?이?217910,1139497,20210224,
?스미디??089600,486097,20210226,
?희건설,35890,219848,20210226
?코,347000,1023318,20210226
?앤?바?오,290650,1181515,20210226
?림,5820,143794,20210302
모나?005360,121288,20210226,
?경?이?크,148150,913689,20210302
?이처?,7390,117276,20210302
?이글,234920,1020524,20210224
?성건설,13360,146232,20210223
루트??253610,1262023,20210225,
케?비??8?스??323940,1371312,20210224,
천??업,1490,151447,20210226
비올,335890,1406618,20210302
?양?품,7570,146454,20210226
?스?036580,260408,20210224,
?에?피,66900,303192,20210224
?일?료,5860,162911,20210224
SG,255220,963976,20210225
?솔케미칼,14680,140955,20210226
?스?오??226400,1082348,20210226,
?코마???230360,1029394,20210226,
???조선,33130,231442,20210224
?에?아??066310,411446,20210224,
?코,129890,1207716,20210223
?양기계,116100,442631,20210224
명성?엔?스,257370,1144569,20210225
?니?크??241690,531865,20210225,
?화?앤??252500,1169267,20210223,
비덴??121800,693651,20210226,
?성?약,3120,146214,20210226
?나머티리얼?166090,660750,20210226,
?스코강??058430,155258,20210226,
지?코,65060,258102,20210224
?티??153710,971726,20210224,
?세계인?내?날,31430,234412,20210224
?비쿼스??스,78070,411385,20210224
?국,10240,167031,20210224
미창?유공업,3650,122056,20210224
미래?셋??스????328380,1390399,20210224,
범양건영,2410,122694,20210224
??제?001130,113243,20210224,
?쎈?크,43340,203209,20210224
?스??206560,1021949,20210223,
?티??261200,1187494,20210223,
JW?명과학,234080,225706,20210224
?이?토?241840,975290,20210225,
보광?업,225530,568461,20210223
?스케?커뮤니케?션?066270,361725,20210223,
?바?오,3190,112004,20210224
?엔?프?크?로?,102710,530185,20210226
?텔리안?크,189300,664181,20210226
?익IPS,240810,1135941,20210302
비피??238200,1109070,20210224,
?림비?코,5750,109754,20210224
?니?론??142210,879020,20210224,
?원,21050,131197,20210224
?만?크,90120,491336,20210224
천랩,311690,1071041,20210224
?이??189330,991298,20210224,
미래컴퍼??049950,447760,20210224,
??????084650,545114,20210224,
?스?안,79560,481223,20210223
?웨?항?091810,671376,20210223,
?이?트,200470,667425,20210226
?수??스,700,163691,20210225
?바?오??049960,357430,20210226,
?스?시?템??317830,624749,20210226,
?목?스??018310,125646,20210224,
?세계톰보이,12580,132488,20210224
?티케?코?메?스,260930,1144028,20210224
?전?업,111110,226316,20210224
JW??스,96760,632304,20210224
맥스로텍,141070,678096,20210225
?트론텍,82210,327396,20210225
?바?오로직??206650,927558,20210224,
?티?오?모?브,7340,116949,20210226
?신기계공업,11700,162072,20210226
?진?업,13310,139083,20210302
?이?이비트,39230,295370,20210312
SNT중공??003570,134477,20210312,
?츄?엔?텍,168330,923792,20210312
SNT모티?064960,398792,20210312,
SNT?너지,100840,648721,20210312
보성?워??006910,267881,20210323,
?진,2320,163512,20210329
?이?젠,217330,1046391,20210224
?피케?로보틱??183350,989327,20210225,
?주이?티,114920,414540,20210225
진로발효,18120,170877,20210302
?니?인??121060,445869,20210302,
모두?어리츠,204210,1035289,20210302
?에?엠??024850,155586,20210302,
??건설,5960,115612,20210312
?라??151750,665630,20210323,
?국미라?피?사,331660,1363924,20210323
?엔코퍼?이??066980,389998,20210324,
?리코제??260660,447007,20210324,
?신공영,4960,162063,20210324
?경?이??357550,921916,20210329,
??루??029480,186452,20210330,
??에??,117580,787376,20210330
코오롱인??120110,795135,20210330,
?우?업,92300,367455,20210330
?온?큐??042510,255433,20210224,
?노메트?302430,1258710,20210224,
?이??089790,365457,20210225,
???우??224810,607797,20210225,
?그?이브이,260870,1188730,20210225
미투??201490,965813,20210225,
?튜?오?래?253450,1168684,20210225,
?연?메??019770,153278,20210225,
까스?바??308100,1181807,20210302,
케?비캐피??021960,161408,20210315,
?라?프??288490,1267550,20210315,
빅솔?093190,478900,20210324,
??과,280360,1258507,20210324
?이??미칼,137950,664853,20210324
고려?멘??198440,1032583,20210324,
?프리마,236200,1124653,20210324
?노?361390,1014718,20210324,
?이?론,69540,367482,20210330
?리바이??082850,369107,20210331,
?페?스?루??245030,664288,20210224,
?태?과?품,101530,428321,20210224
?스?비??299670,1203507,20210225,
비나??126340,563518,20210225,
?상?이??053980,226547,20210225,
?티캐스??085810,364254,20210223,
?풍??,2870,137368,20210223
?한???스??366330,1514528,20210318,
????어,48910,351807,20210318
?박??086980,303794,20210329,
???파??210540,1059605,20210224,
?이?138610,767628,20210225,
?스?소?트,47560,273420,20210225
DMS,68790,361594,20210302
?바??149950,442048,20210302,
?엔?드?286000,1114559,20210302,
?조?아??008040,137252,20210302,
?일?품,271980,1236897,20210302
??건설기계,267270,1205842,20210303
??렉?릭코리??053740,218052,20210304,
?림,136480,857727,20210310
?티게임?194510,977696,20210310,
비츠로시??054220,201432,20210310,
?이?시맨틱??347700,1336762,20210324,
보해?조,890,123541,20210325
?스?유,80000,455981,20210331
?성,93370,595191,20210331
?이?러?에??244920,684802,20210331,
게임?063080,535746,20210331,
?스?시?템,121890,604815,20210331
?템??258540,1109122,20210331,
?리?앤??153490,815095,20210331,
??백,73190,407771,20210224
?국???스??310870,1336443,20210225,
??약??023910,113128,20210225,
?아,12760,116806,20210225
?션?톤,329020,1388631,20210302
?성중공??298040,1316245,20210304,
SIMPAC,9160,138260,20210304
경농,2100,101433,20210331
?선????008350,107224,20210331,
?우바이??054050,176835,20210331,
KR모터??000040,112378,20210331,
?웅,44490,186799,20210331
?이?스?서,10780,115977,20210331
?산,150,117212,20210331
SGC?너지,5090,125150,20210331
케?엘??039420,246620,20210331,
?영?자공업,5680,127200,20210331
?씨?스,66790,249441,20210331
SH?너지?학,2360,136457,20210331
CJ ENM,35760,265324,20210331
SK가??018670,144164,20210331,
?솔로??틱??009180,140946,20210225,
AP?성,211270,874803,20210225
?츠,267810,1187865,20210225
?국?자?트?스,19560,162081,20210225
?호?기,65710,220622,20210226
?한???스??333050,1407158,20210302,
??밸?스???스??336570,1407909,20210302,
?이맥스,160980,659161,20210302
?트?087010,415868,20210302,
?우글로벌,13000,134176,20210302
?양?상,2170,127042,20210304
?이?사?언??307180,1326279,20210304,
?나머스???스??372290,1513404,20210305,
모베?스,101330,498001,20210317
?리?업,215360,1077577,20210326
?터?렉??051370,369170,20210330,
?린바이??038070,373447,20210330,
?프?스,85670,493510,20210330
?스??122640,530556,20210330,
?씨??092600,537337,20210330,
?넥??095700,545929,20210330,
갤럭?아머니?리,94480,587457,20210330
?바?스?엔지,187870,624509,20210330
?유메디?115480,681249,20210330,
?스,255440,875307,20210330
?림?큐리티,203650,1038693,20210330
?딤,217620,1068658,20210330
쿠첸,225650,1102095,20210225
?에?티,263770,1196313,20210225
?상?트?스,80010,454399,20210225
?티?이,179900,961774,20210225
모비??250060,1165155,20210225,
?리???스,1800,117577,20210226
CS,65770,303703,20210302
?진?앤??054090,239514,20210302,
?존비즈??012510,172291,20210302,
?니?커뮤니??203450,408266,20210302,
?스?프?이,56190,358271,20210302
?리?트바이??002630,141626,20210305,
?매진아?아,36260,122339,20210326
?스?얼?,288620,1257872,20210330
?브?인,357780,1489648,20210330
?양건설?업,5900,117072,20210330
베뉴지,19010,267906,20210331
조비,1550,148948,20210331
?산중공??034020,159616,20210331,
광진?텍,90150,365624,20210331
미래?크?로?,213090,1015726,20210224
?텍,320000,1359815,20210224
?니?스??086390,540447,20210225,
지?비코리??013870,156354,20210226,
?????스??311270,1337220,20210226,
?이?엠반도?084850,579980,20210223,
?노?커??187420,983916,20210302,
?나기술,299030,601191,20210302
지?스,13890,150633,20210317
?상?증?001290,112059,20210309,
링네??042500,352499,20210309,
?노?엠?스,247660,660459,20210309
?씨?스,67010,400060,20210309
뿌리깊??무??266170,990396,20210326,
?성???크,65350,136226,20210224
케?씨?블?068060,175650,20210225,
경창?업,24910,102353,20210225
?엘??063760,374020,20210225,
?이?스,143160,883980,20210225
켐트로스,220260,1089350,20210225
?이?피,332370,1213586,20210225
?종?레?036630,268002,20210225,
?하?아?엔??309930,1335453,20210225,
?금?스??032560,218575,20210225,
?스지?성건설,1970,173661,20210225
?스?이?이??,158300,563147,20210225
모헨?006920,163318,20210225,
KNN,58400,208134,20210302
?진로봇,56080,234227,20210302
?이?이치큐,3560,154426,20210302
?이블씨?씨,78520,400857,20210302
?레?티지바이?파?950210,1510489,20210302,
?십?랩?,144510,1010642,20210302
?진?크,84370,531014,20210302
브랜?엑?코?레?션,337930,1391103,20210302
?주코?스,8340,133715,20210302
???러??087600,495086,20210305,
?이?크림에?,289010,983934,20210317
?스?,246720,1157235,20210317
?앤?프,66970,398701,20210318
?성?스?에??018260,126186,20210318,
?도리코,29530,135795,20210318
멀?캠?스,67280,425351,20210318
?국주철관공업,970,159573,20210318
?엘케??094190,379016,20210316,
?스??038160,334624,20210317,
바이?다??314930,1117413,20210317,
??전기공??108380,111193,20210326,
?울?약,18680,131018,20210329
계양?기,12200,102618,20210329
?광?건,1260,107066,20210329
?국?재,25550,158015,20210329
??포??014160,111458,20210329,
메디?론,65650,391197,20210331
?원?엔?이,65560,393469,20210331
KTcs,58850,372882,20210331
?이?티??204270,447575,20210331,
?티?,145720,526599,20210331
?포뱅크,39290,243757,20210225
콜마비앤?이?200130,1032404,20210225,
?원개발,13120,117966,20210225
메디?이,200580,1018617,20210223
지?이?에??138290,890388,20210302,
?이?로,262260,604268,20210302
?오?토,212560,876865,20210302
?텔?라,8770,165680,20210302
?레?디,237820,862853,20210308
?리??060910,353230,20210308,
?앗,103660,762377,20210318
?호개발,10960,128980,20210319
진양?업,3780,150439,20210319
?라?이??034230,171265,20210329,
??강??000430,111847,20210329,
?국?키지,37230,198192,20210329
?성?업,34810,219361,20210329
?아?강지?003030,124197,20210329,
?국경제TV,39340,263371,20210329
?사?엔??054940,360577,20210329,
?진?약,5500,128412,20210329
?엔지?어?065130,366845,20210329,
?화?인?공??000390,129387,20210329,
KG모빌리언??046440,405278,20210329,
???제지,16590,135777,20210329
?리?랜,69140,410997,20210329
?라교역,4970,135962,20210329
?뚜?007310,141529,20210329,
?랜?넷,75130,490179,20210329
?동??스,230,146083,20210329
?이?크?루??071670,384887,20210330,
?리버?268600,1182444,20210225,
?주?렉?로,65680,390903,20210225
?남?자,8700,138516,20210225
룽투코리??060240,373571,20210225,
?앤??115390,561866,20210225,
?라?콤,41520,137289,20210226
?보마그네??290670,1259418,20210302,
??글로벌,53690,413523,20210302
?아지?028100,178754,20210302,
?트?모??308170,450010,20210302,
?루??164060,1142400,20210302,
코셋,189350,965062,20210302
코아?템,166480,989664,20210302
?이?나,86080,364111,20210319
종근???스,1630,149354,20210329
??닝,96240,525882,20210329
진흥기업,2780,150828,20210329
로보??,90360,536523,20210329
?광?업,3240,153393,20210329
?원?크,174880,659684,20210329
?산??스,5810,155531,20210329
코스메카코리??241710,763473,20210329,
?국?랜지공업,10100,160418,20210329
?무가,190510,819374,20210329
?시??016800,161709,20210329,
?이치엔??176440,872452,20210329,
?올바이?파?009420,162586,20210329,
?옵?스,161580,938721,20210329
?션브릿지,241790,1113754,20210329
코스맥스비티?이,44820,219574,20210329
???드??950140,1165739,20210329,
?화?러?제1?스??340440,1416572,20210329,
CJ??통??000120,113410,20210330,
비츠로테??042370,103644,20210330,
명문?약,17180,121039,20210330
CJ?레?웨??051500,127954,20210330,
?쓰?엔지?어?023960,121969,20210330,
?한,11370,131504,20210330
?코?라?틱,38110,139153,20210330
코오?002020,152862,20210330,
?탑,2680,140566,20210330
?화?기,24810,145738,20210330
?,5320,168331,20210330
?제?전??006140,155735,20210330,
CJ CGV,79160,303873,20210330
?그?틱??033170,158219,20210330,
교촌?프?비,339770,453284,20210330
?국?업,5160,172680,20210330
진도,88790,557933,20210330
리더?코?메??016100,180263,20210330,
미원??스,107590,706715,20210330
미래?에??트??208890,876209,20210225,
?동?약,249420,1168383,20210225
?터미디??068420,407975,20210225,
?일?약,12790,137058,20210223
?보?코리아,2250,105244,20210302
?창??,9460,163761,20210302
??제??067080,210740,20210309,
?림?이??019300,118460,20210319,
?림?업,1310,155498,20210319
명신?업,9900,173078,20210319
?일?강,23440,148531,20210322
?화???어?002150,114552,20210322,
KG???철,16380,115676,20210322
?엠??091120,541163,20210322,
?성중공??010140,126478,20210322,
?크?랜??258050,1246742,20210225,
?리드,299660,1235296,20210225
?프?캠??258790,1182408,20210225,
?스?프??112240,450339,20210226,
?티?스,109080,660291,20210226
?엔?디,101360,619640,20210223
가???어,78890,441304,20210223
?스?에?텍,101490,411048,20210302
?스?피?네?스,86460,548519,20210302
?루??105550,766106,20210302,
?성,4800,117188,20210309
?딩머신,179720,978075,20210310
?무원,17810,155355,20210310
?일?약,520,128032,20210322
?한?행,100,145109,20210322
?성물산,28260,149655,20210322
LG?플?스,32640,231363,20210322
??유??006650,260383,20210322,
만도,204320,1042775,20210322
?엔?이컴퍼??242350,990563,20210322,
?이??로벌리츠,348950,1415892,20210302
?진?이?에??010400,143262,20210224,
?국공항,5430,156691,20210224
?엠?스??,225330,914040,20210225
?네?스?벨????스,53320,350738,20210225
?이?프?블?312610,1223219,20210226,
?원강재,23000,191588,20210302
DL,210,109693,20210322
???토?버,307950,362441,20210329
LF,93050,593032,20210329
CJ?일?당,97950,635134,20210329
?션?랫??225590,1101041,20210224,
?송?오??226440,1101722,20210225,
비즈?스??138580,1014657,20210225,
?론,217880,976615,20210225
??건설,5980,133238,20210225
?아????006110,126779,20210226,
?구?유,24060,167004,20210302
?우?자,81580,364306,20210323
?츠?불,226320,911955,20210329
코스맥스,192820,1009789,20210329
?연?화,200880,1036446,20210329
마크로젠,38290,261373,20210224
?일?업,4890,172936,20210224
?젤,145020,888347,20210224
?국9?스??368770,1513440,20210225,
?양?일,228340,993931,20210225
경동?비??009450,101488,20210223,
?양?품,3230,126955,20210302
THE E&M,89230,519252,20210302
?리금융캐피??033660,209443,20210420,
?일?엔?스,4440,109806,20210302
?프?인,12250,142591,20210302
?안????스??367480,1504910,20210406,
?맥??115160,787057,20210409,
?이?스,55490,256955,20210409
?세?시멘트,183190,990165,20210409
?선,180060,874937,20210409
감성코퍼?이??036620,261009,20210412,
EMB,278990,1117246,20210412
?라리스?피??041020,269852,20210412,
?몬,294140,1011395,20210412
?오리진,94860,599106,20210423
?이비앤??090740,495554,20210428,
?앤?테??237750,525864,20210428,
??핑,23530,120526,20210428
뷰웍??100120,609324,20210428,
?트?인?이??012600,151863,20210428,
SK,34730,181712,20210428
쿠콘,294570,1311055,20210428
로보?리,238500,1118643,20210428
?평리조??070960,365989,20210420,
?스케?바?오??326030,878696,20210408,
?스?이리소??065420,120906,20210412,
코리?에?투?증?190650,304915,20210331,
?영증권,1720,136721,20210331
부????005280,124106,20210423,
?원F&B,49770,340917,20210303
?노??즈,86250,166333,20210303
광전??017900,152729,20210408,
?라??215600,919966,20210408,
KH ?렉?론,111870,125965,20210427
블루??191600,611286,20210427,
?즈미디??181340,861720,20210331,
바이?로그디바이??208710,1047707,20210331,
?스??269620,1188378,20210331,
?베?트?안?팩1??323210,1366365,20210331,
?베?트?팩5??349720,1436336,20210331,
??뱅크,234340,763701,20210305
?원금속,18500,118008,20210308
케?젠,214370,549891,20210409
?산중공??017550,135111,20210409,
?로,58970,396925,20210409
??해보험,400,113562,20210401
?보?업,9620,125822,20210401
?코마이?터,64510,127699,20210401
?진머티리얼?020150,113997,20210401,
모베?스?자,12860,137234,20210401
?국?콜,17890,158565,20210401
코너?톤?트?스,33110,194275,20210401
?시?나??,20560,138792,20210401
경동?베?트,12320,143527,20210401
UCI,38340,215976,20210401
?일?마,1560,148461,20210401
?씨케??064760,245472,20210401,
COWON,56000,361266,20210401
?국?화,10040,160205,20210401
?론?토모티?075180,305668,20210409,
?세계I&C,35510,219486,20210412
?스?바?오,89140,416414,20210421
강남?비?코,860,100939,20210421
?센?오,12170,145437,20210421
코윈?크,282880,1211232,20210421
?삭???어?351330,1135640,20210421,
?성?피??059270,453442,20210421,
깨끗?나??004540,113492,20210427,
SK?스커버?006120,131832,20210414,
SBS콘텐츠허?046140,280688,20210414,
가?전??000500,104768,20210419,
?해?학,25860,107987,20210419
?이버원,356890,1293953,20210311
?레?티지바이?로직스,334970,1258428,20210311
?크?더?092130,634728,20210409,
??플?스,300,126089,20210412
?젠,222110,962922,20210302
?시?나IDT,267850,458234,20210401
컴투??078340,476498,20210401,
KEC,92220,589127,20210401
?울바이?시??092190,488402,20210401,
?어부??298690,651901,20210401,
?이?텍,90470,493185,20210401
?스???109610,535481,20210401,
관?산??076340,321204,20210401,
모바?리??100030,641171,20210401,
바이?프로테??199290,669450,20210401,
?시?론,101400,641393,20210401
미애부,225850,866594,20210401
?몽?인,200350,990819,20210401
?킨?스??159910,896753,20210401,
?앤?생명과??225860,1116274,20210401,
?무기술,242040,1136348,20210401
NHN벅스,104200,645089,20210413
?큐?,229000,1051472,20210413
미래SCI,28040,111865,20210413
SBI?베?트먼트,19550,156910,20210413
?코,263540,971090,20210422
?스?005490,155319,20210315,
?승코퍼?이??013520,166272,20210315,
?이?스?림?199150,553025,20210414,
?진?크?095720,628189,20210414,
?스코엠??009520,128111,20210316,
?화?품,20,119195,20210316
?오????950220,1511558,20210316,
TS?릴리온,317240,1353024,20210316
?이?침?,3800,140052,20210317
?인?크,267320,1208849,20210401
베스??299910,1259056,20210401,
????스,16710,108940,20210401
IBKS??5?스??373200,1514698,20210426,
?일?너?크,340930,1368637,20210426
??항?003490,113526,20210422,
?쳐?220100,1053540,20210315,
??무벡??319400,1358463,20210319,
주노콜렉??221670,1076550,20210226,
케?씨?시,9070,103042,20210226
?리?젼바이??335810,1137295,20210317,
?방,950,147222,20210415
?원?앤??091090,585219,20210421,
광주?세?037710,220561,20210415,
?에?씨,265740,1217829,20210319
LIG?스??079550,503668,20210323,
SK머티리얼?036490,110051,20210420,
??더?래??321820,1116502,20210401,
?안코스메틱,219550,1089378,20210419
?이치디,102210,299358,20210419
?국?트?스비엑??023890,159290,20210419,
지???니??219750,1031229,20210419,
???너지?루??322000,1199550,20210421,
?림??192650,415646,20210225,
?일?강,2690,118451,20210331
?촌?학,8730,145260,20210331
SG글로벌,1380,152039,20210416
블루베리 NFT,44480,173449,20210416
?성케미컬,102260,679314,20210416
케?엠?블??032500,226352,20210416,
?성?학,5190,116356,20210416
?표?멘??038500,239639,20210416,
?비?프??079970,596260,20210416,
?라리스?스,123010,615723,20210416
?익?앤??131390,785475,20210416,
?창단?015230,112679,20210223,
?앤?스?산관?032040,173731,20210226,
?익?브,14190,128175,20210409
?바?츠바이?코??216400,537221,20210409,
골드?에??035290,249502,20210409,
??????090850,656951,20210409,
KH E&T,226360,1097906,20210409
골프존데?183410,764807,20210407,
계룡건설?업,13580,102432,20210225
?아?아조인??013340,138695,20210225,
?엔케?피부?상?구??,347740,1290381,20210331
광림,14200,103635,20210402
?조?업,7160,124799,20210402
???료,16790,164618,20210402
코맥??036690,268118,20210402,
MP그룹,65150,390860,20210402
바이브컴?니,301300,403793,20210402
?이로닉,149980,977641,20210402
?젠??253840,1063954,20210402,
?트?바?오,51980,347716,20210407
케?비??9?스??330990,1393299,20210407,
?용?앤??003410,138224,20210407,
??코퍼?이??011760,164812,20210407,
?성SDI,6400,126362,20210309
?노?스?루먼트,215790,1065679,20210223
?국?크?로?,53590,355548,20210405
?코리아,110660,555740,20210405
?세?037070,238153,20210413,
?리?트?공,65500,300405,20210407
?서,26960,144395,20210405
메리츠화??000060,117744,20210401,
메리츠금???138040,860332,20210401,
?일??스,3300,162993,20210402
코데즈컴바인,47770,329093,20210331
??I&C,11080,142713,20210331
?스케?브로드밴드,33630,243988,20210331
???버?임,41440,228536,20210415
?안바이??221610,493431,20210415,
DRB?일,4840,118266,20210415
KTis,58860,372873,20210413
?신?재,7110,146296,20210413
?엔?프,92070,569691,20210413
TYM,2900,117230,20210414
?에?치?이,43370,155151,20210414
?성?노베이??084180,243979,20210414,
SUN&L,2820,132211,20210414
?스?엠??074000,447982,20210405,
?국?보?진??066930,317089,20210409,
DL?앤??375500,1524093,20210409,
미코바이?메??214610,1049167,20210225,
?이?트?텝,289220,1264438,20210413
?이치엘?028300,199252,20210402,
비디?이,148140,610490,20210415
?젠,199800,547510,20210401
DL건설,1880,128971,20210408
초록뱀미디??047820,299464,20210408,
?체??347860,1405451,20210408,
?진?팩6??373340,1514519,20210408,
LG?활건강,51900,356370,20210406
?리????352770,1201970,20210402,
기아,270,106641,20210405
??특?강,21040,166175,20210405
?원?산,30720,118044,20210405
?양?엔지,45100,216762,20210405
?양?앤??011690,144720,20210405,
?이?몬?터,223220,1060735,20210419
???이치티,39010,255044,20210419
초록뱀컴퍼??052300,349811,20210419,
?이?352820,1204056,20210414,
??중공???267250,1205709,20210414,
RF머트리얼?327260,1343665,20210414,
?스코플?텍,51310,181934,20210415
??업,13720,151605,20210413
금호건설,2990,106313,20210413
LS?선?시??229640,1093007,20210413,
코디,80530,308559,20210413
구스?홈,329050,1337114,20210413
?정?업,8500,146542,20210422
KC?업,112190,366517,20210422
지?씨,135160,657756,20210422
?나???004940,158909,20210422,
????학,4000,157681,20210406
진양??스,100250,646732,20210223
?화?기,9470,129271,20210223
?이?로??KIC,7460,152385,20210308
?용?동?003620,138242,20210311,
?엘?356860,920379,20210224,
?보?토,70080,430089,20210224
???000490,109286,20210423,
메이?캐?탈,21880,136101,20210423
KH ?룩??033180,193009,20210423,
고려?연,10130,102858,20210325
??광?신,10170,113261,20210325
???-??019210,139719,20210325,
???아,11210,106623,20210325
교보증권,30610,113359,20210325
?일???멘??006390,164672,20210325,
?컴MDS,86960,445841,20210325
?솔?티?브,70590,470829,20210325
??모비??012330,164788,20210325,
모다?노?080420,480048,20210325,
?파??스,117670,605124,20210325
SK?터?068400,201450,20210325,
?십?웰?234690,1135057,20210325,
SNT??스,36530,225159,20210325
?테??217320,963000,20210225,
?마?에브리?이,10090,164308,20210331
?덱??101160,580065,20210408,
?스??012750,158501,20210223,
?맥,99440,580056,20210226
DB금융?팩9??367360,1505469,20210407,
GS글로벌,1250,138190,20210310
좋??람??033340,205003,20210423,
?리?렉??040160,269889,20210423,
지?온,111820,689418,20210423
?에?치?팩13??310840,1336391,20210423,
?에?치?팩16??353190,1453670,20210423,
?에?치?팩17??359090,1487446,20210423,
?루?첨?소??336370,1412822,20210423,
비??탑??030790,273615,20210325,
?아?스??170900,956930,20210325,
?브메??마,229500,1065785,20210325
?에?일?트?010120,105855,20210326,
???,78130,104573,20210326
??엘??025440,110583,20210326,
?신?약,2800,136448,20210326
??동,60480,203847,20210326
?피??026890,117498,20210326,
?기?사,2420,133618,20210326
?림,37440,236863,20210326
?넥??011090,139764,20210326,
?워로직??047310,269612,20210326,
?화?자,33240,146861,20210326
?스??010820,148522,20210326,
?흥,4080,173795,20210302
?디?트?스,73710,493501,20210302
?화?크,265560,659976,20210413
?온??로벌,84110,228059,20210311
경방,50,101628,20210225
?솔?데?025750,203582,20210408,
?에?에??052190,347877,20210326,
KTB?자증권,30210,156859,20210326
?스?BT,65170,384717,20210326
??스코리??079000,455875,20210326,
?국?앤?스,75970,472890,20210326
?이치시??072990,527464,20210326,
?양??145990,896285,20210326,
???피?에??104460,602136,20210326,
??거?렉,219130,617314,20210326
?오?즈,95660,628860,20210326
?디바이??343090,1413371,20210326,
강스?바?오??217730,1025644,20210326,
지?원?너지,270520,1228515,20210326
?인?엔지?어?256630,1179608,20210225,
캐리?프??317530,1267222,20210302,
?국?강,7280,124090,20210426
??코퍼?이???스,227840,1108099,20210426
지?알,35000,140168,20210413
?이??119830,626011,20210422,
?에?치??019180,118965,20210302,
?우?투?이?088910,228712,20210302,
?블?게?즈,192080,1010110,20210407
?이치엘?이?스,239610,1011438,20210315
?포바인,115310,491415,20210318
SCI???보,36120,260745,20210409
?패?아??330860,1368354,20210326,
?산?얼?,336260,1412725,20210330
링크?니?스,219420,1109955,20210302
???쇼??057050,412597,20210315,
??지??032800,231691,20210422,
?국?자??스,6200,159254,20210226
DB,12030,163345,20210226
비츠로?,82920,154718,20210226
????053580,323868,20210224,
?일?기공업,199820,148470,20210225
?멥??208340,972293,20210223,
?아?론?크,89980,181299,20210223
?젠,96530,788773,20210223
?남?성,23450,115065,20210223
코리?에?티,123410,803425,20210226
?스?래??234300,1014055,20210224,
??브이?이,93510,521433,20210224
?오??092730,551920,20210224,
?이?디,40910,298377,20210225
?르비텍,46120,297989,20210226
?루??065440,390514,20210226,
?오?로??294090,1274310,20210226,
?주IB?자,27360,156895,20210226
?랜?스,264850,1199189,20210224
?이,228670,828761,20210226
?리?스,244460,1070149,20210226
?탑??049070,226866,20210226,
?크??089030,535676,20210223,
케?피?유,54410,357607,20210223
??바이??321550,1335930,20210223,
?국?장??123690,823429,20210223,
?포??122830,337296,20210226,
?주산??003310,112457,20210226,
?이?캠??322190,1412938,20210225,
마니커에?앤지,195500,770312,20210226
?신?디??091580,480783,20210226,
?인?약,16580,166573,20210223
?니?011330,137207,20210223,
??품,307750,1329957,20210223
??켐생명과??183490,606886,20210223,
?십?스?어,270020,1183407,20210223
????미칼,104480,693554,20210223
미코,59090,366942,20210226
광명?기,17040,103662,20210224
?리?탈지????083790,407814,20210226,
?에?오?텍,123040,259545,20210223
SBS미디???스,101060,650629,20210223
켐온,217600,1070857,20210223
지???리,228760,1108248,20210223
경남?너지,8020,101336,20210223
?켐바?오,176750,867034,20210223
메??디,133750,807555,20210224
?독,2390,161046,20210225
?표,7540,130091,20210226
?바??285490,1259232,20210226,
??밸?스???스??332290,1394669,20210226,
SPC?립,5610,125530,20210226
??루션,225220,1062177,20210223
?산?이메탈,77360,471068,20210223
미원?사,2840,121932,20210223
?크론한??076080,487546,20210224,
리메??302550,1275665,20210224,
IBKS??4?스??351320,1440153,20210224,
?정?프,9770,128227,20210224
?터로조,119610,604426,20210226
천보,278280,897752,20210223
?프?에?테??083500,476036,20210223,
??머사?언??291650,1265251,20210223,
?이?이,38880,252269,20210223
?표?품,248170,1167056,20210226
?익?기,2450,127857,20210226
?엔?스커튼??033220,107303,20210226,
?테카바?오,226330,1344336,20210226
?십??,31390,198378,20210226
?산,103140,684714,20210226
캐스?코리아,71850,302582,20210225
?림제지,17650,109781,20210226
?구?업,25820,145464,20210226
?이치디?영?001890,141282,20210226,
?마?스,205470,1042979,20210226
미주?강,2670,115472,20210223
?라?텍,322180,1309388,20210223
?방?그?007590,115384,20210223,
?양?이치씨,101970,450931,20210223
?창,5110,163716,20210226
?더?제??330350,765851,20210226,
??보?신,286940,1262032,20210226
?라?드,238120,1073678,20210226
?스?이???스,25530,181943,20210226
?이?스??262840,1146822,20210223,
금오?이??165270,659815,20210223,
?에??217820,1020843,20210223,
?원,15200,133089,20210223
?온?크,306620,1325429,20210223
?세??002030,138701,20210223,
?커??065690,384762,20210223,
?스?임????048260,341916,20210223,
?스?이그룹,306040,1222432,20210223
미원?스??268280,1234297,20210223,
??317850,450995,20210223,
?중?시?스,107640,474588,20210226
?블?에?아??299170,1318261,20210226,
케?디지?텍,32290,183215,20210226
?노??150440,990262,20210226,
?바?오?아,317870,964595,20210226
?파??214260,1058101,20210226,
케?엔?이,272110,769158,20210226
??엔??067900,190756,20210226,
?이?티??224110,1099861,20210223,
?원무역,111770,776820,20210223
???앤??263020,892526,20210223,
?성?팩2??291230,1276901,20210223,
?이?머?리?즈,281740,1255652,20210223
??제??003220,111999,20210223,
?앤??340570,608440,20210226,
?스??,58610,220686,20210226
?크?065950,362159,20210226,
?산?이?티,50960,577016,20210226
?스,95610,524421,20210226
?투??033310,143226,20210226,
?선?엔??060150,375931,20210225,
?보브반?체,102120,591441,20210226
?비?065510,398668,20210226,
케?엔?블??105330,606664,20210226,
미래?명?원,218150,1071944,20210226
?에?베?링,297090,765462,20210226
?스??005010,156488,20210226,
지?이?스케??299480,1188749,20210226,
?스케?씨????057500,307189,20210226,
?룩??290690,605522,20210223,
?우?자,263600,571298,20210223
?평?물??007980,154329,20210223,
?디??096870,540571,20210223,
?바?오,67370,407036,20210223
???로직스,74430,466428,20210223
케?씨??089150,441447,20210223,
??012800,112651,20210226,
?우?049130,352000,20210226,
???아,92590,578325,20210226
?서?트,131370,838962,20210226
볼빅,206950,756163,20210226
?이비엘바이??298380,1256864,20210226,
?화?트?스,46390,301112,20210226
비아?론,141000,610083,20210226
?국?프?비,189980,916516,20210223
?팩,97800,536286,20210223
질경??233990,1063556,20210223,
?양,1520,117337,20210223
?울?품공업,4410,130879,20210223
그린?러??186230,602279,20210226,
?리?에?앤지,73560,413417,20210226
?로?테??로?,322310,1016479,20210224
바디?메??206640,1046708,20210224,
?환기업,360,129411,20210225
?리츠,330590,1363818,20210226
?아?텍,179290,531829,20210226
?나마이?론,67310,445054,20210226
?진?품,3520,141149,20210223
?스?디,260970,560849,20210223
쿠쿠?시??284740,1267684,20210223,
체리부?066360,216434,20210223,
?국컴퓨???009760,159874,20210223,
모비?,348030,1210190,20210223
??그린?드,5440,105280,20210223
?비?텍,70480,446479,20210226
??모?311840,1195828,20210226,
?진기업,23410,184667,20210226
?럼,284420,1148909,20210226
미디?젠,279600,1190124,20210226
바이?니??064550,326731,20210226,
?성?인??033500,231105,20210226,
?진?스??138070,577380,20210226,
?플?스,81150,497631,20210226
?안????스??313750,1343920,20210223,
?스,238490,556712,20210223
??학,7690,104388,20210223
?양증권,1750,162416,20210223
?트?270870,1214248,20210226,
?알?드,236030,1085187,20210226
?이골드3??153360,905316,20210226,
?팩?더?트?005350,123648,20210226,
?리??271560,1238169,20210226,
?이?185490,945457,20210226,
?이케?세미콘,149010,861100,20210226
??물산,14970,125488,20210226
?일?조,24740,162832,20210226
?안????스??336060,1408999,20210223,
?안????스??340360,1416642,20210223,
?안????스??367460,1504804,20210223,
?톤,158430,595182,20210223
조광?인??004910,148920,20210223,
?익?스??171090,327819,20210223,
?비쿼스,264450,1203376,20210223
?아?텍,88130,489243,20210223
???197140,681373,20210226,
?트로젠,65660,631837,20210226
?수????086890,526872,20210226,
?스?생명공??217480,1099667,20210226,
??텍,258250,1117918,20210226
?스?이??123700,815369,20210226,
?다??208140,1047415,20210226,
?진?워,94820,485177,20210224
켐트로닉??089010,371485,20210224,
?빛?프??047080,348292,20210225,
?원개발,46940,363246,20210225
?일건설,6440,162780,20210226
미래?셋??스??5??353490,1450105,20210223,
미스?블?207760,1047840,20210223,
?로보틱??117730,867098,20210223,
극동?화,14530,105156,20210223
?전,52270,291231,20210223
?아?약,9300,126788,20210512
?한지?055550,382199,20210512,
EDGC,245620,1182550,20210512
부?도????015350,123967,20210601,
경남기업,800,101257,20210601
?스?화?134780,238977,20210602,
?한?파리츠,293940,1276594,20210526
?피??로벌,130740,578538,20210510
?원?공,21820,134316,20210602
?젠??113810,576789,20210609,
?루메??049180,310156,20210610,
KPX??스,92230,587466,20210526
?전,195440,1113949,20210610
?인,3010,165343,20210430
?????스,4510,117382,20210527
??케?텍,99750,490090,20210528
?터?크,35080,244561,20210527
?코?로?이치엔,383310,1566248,20210528
??정보통??020180,110875,20210604,
?에?엠,238170,1011872,20210609
?트?아??099320,449254,20210609,
?일철강,23790,172945,20210510
케?티,30200,190321,20210510
지???043610,223762,20210510,
KT?브마린,60370,225742,20210510
미래?업,25560,197759,20210430
LX??스,383800,1562589,20210611
?일?크?스,38010,148595,20210528
?울?시가??017390,130684,20210528,
?카?이?엠,131100,814786,20210528
?주?업개발,16140,131328,20210604
NICE,34310,158316,20210611
?디?스,238090,942131,20210614
?스?씨?진그룹리??드,900080,786331,20210614
?게??058630,397058,20210531,
?리?에?앤??110790,522007,20210531,
바이?솔루션,86820,560982,20210531
바이?시?틱??281310,1186671,20210510,
???043650,256715,20210510,
?일기획,30000,148276,20210510
?성?기,9150,126371,20210510
?투??227950,1105621,20210614,
EMW,79190,479705,20210615
?성?상,5390,136341,20210615
?드바이?텍,179530,1022902,20210601
?켐??069260,426086,20210601,
?진바이?팜,110020,632793,20210601
?성공조,6660,126201,20210601
KG ETS,151860,366137,20210602
조선?화,480,148984,20210510
?성 ITX,94280,414850,20210510
?오??028670,122737,20210510,
?고뱅코리아??스,2000,159005,20210510
코렌,78650,477257,20210603
IBKS??3?스??351340,1440481,20210603,
카이?스메드,284620,1263527,20210603
?상?코리아,3050,110547,20210603
케?씨???스,344820,1428203,20210603
?양??스,70,126937,20210510
코웨??021240,170558,20210517,
?이치엘비제??047920,336817,20210517,
?국?석??002960,158149,20210604,
?온?블?썸,263920,1185566,20210604
?이??073070,235147,20210604,
?성?엔?이,379390,1365384,20210604
?스??131970,563545,20210507,
HDC,12630,164636,20210510
HDC??EP,89470,357935,20210510
?솔??,213500,1060744,20210506
YG PLUS,37270,249247,20210430
?일?학,7770,267979,20210430
?에?쇼??138250,406392,20210430,
?호?자,43260,317210,20210430
빛샘?자,72950,359261,20210430
?이?래?트,52460,405719,20210430
케?사??192250,1003040,20210430,
??모빌리티,158310,923899,20210429
고려?약,14570,103015,20210610
진매?릭??109820,552992,20210510,
?스?팜,237690,871833,20210510
?솔바이?사?언??140610,1018802,20210611,
금호?유?학,11780,106368,20210616
?이?엠코리??187660,1409022,20210616,
?진카인??011400,173069,20210616,
??화??003830,113544,20210510,
?동,53060,133663,20210510
??금??009190,111111,20210510,
?데?토?123420,815767,20210510,
?피?이,62970,403766,20210430
?화?업,111710,245694,20210430
?메?드,112040,444329,20210507
?닉?소??050090,369569,20210520,
??전??008110,157104,20210520,
?월??084680,540605,20210520,
?루??,154040,624518,20210510
?모?퍼?픽,90430,583424,20210510
?모?퍼?픽그룹,2790,154462,20210510
?온?스??018880,161125,20210510,
?니??000910,144252,20210510,
?에?이,131290,372226,20210510
?디?프??220180,793155,20210510,
??바이?랜??052260,347062,20210510,
?메?스,200670,614478,20210510
?산?프?코??042670,344287,20210510,
?섬,20000,188089,20210510
?스?바?오?스,214310,957568,20210430
???철,4020,145880,20210507
부?산??011390,124027,20210510,
?이????322510,1153293,20210510,
?전기술,52690,159209,20210510
?이???스??377400,1526949,20210510,
무림SP,1810,121507,20210510
?천리자?거,24950,128607,20210510
?젠?이?스,4720,135050,20210510
?니?머?리??047400,369833,20210510,
?안?증권,3470,117601,20210510
LG?학,51910,356361,20210510
?리??050890,364403,20210510,
진에??272450,653024,20210510,
???처??126560,403632,20210510,
참엔지?어?009310,153621,20210510,
?맥???스,28080,219440,20210430
?이?스메디?287410,1267602,20210430,
?피?티?티,16670,125725,20210520
?씨?에??252990,1199727,20210520,
?먼??032860,205687,20210525,
NH?라?리?338100,1391033,20210525,
?드로버,60300,364795,20210525
?디??215090,1063884,20210525,
?비??033830,204642,20210525,
?양?업,3920,107598,20210525
E1,17940,165583,20210510
코오롱생명과??102940,525642,20210510,
?세?업,105630,728638,20210510
?세?스24??스,16450,161976,20210510
?화?어로스?이??012450,126566,20210510,
?바?스,194700,811372,20210510
??건설,720,164478,20210512
?영?학공업,3720,127255,20210506
?레?스??스,33550,268011,20210506
?게?즈,225570,1096341,20210507
?텍,67170,397289,20210507
?한,5450,173740,20210517
메??터??072870,422284,20210517,
?랑?선,104620,632845,20210511
종근??185750,992871,20210525,
??건??047040,124540,20210608,
조이?티,67000,397252,20210531
STX?진,77970,480455,20210511
?이?티??089970,544577,20210511,
?산밥캣,241560,1032486,20210608
?시??333620,1310773,20210531,
코원?너지?비??026870,112907,20210511,
??자??066620,253985,20210511,
참좋??행,94850,606770,20210511
?코???스,36840,165361,20210513
?이치피??357230,1068737,20210514,
??방?001070,112970,20210514,
?운?나??094170,695969,20210511,
루멘??038060,406329,20210511,
빅텐?210120,550082,20210511,
ISC,95340,572905,20210511
?이즈비??031310,200910,20210511,
?화,880,160588,20210511
?이?테??088800,556907,20210511,
?스?사?언??003580,169048,20210512,
?상??038540,306162,20210512,
?산건설,11160,102760,20210512
줌인?넷,239340,1128622,20210512
금호??어,73240,481454,20210512
F&F ??스,7700,126487,20210521
?에?엔,31860,180865,20210521
F&F,383220,1568413,20210521
CMG?약,58820,380429,20210521
??마스??227420,1109690,20210609,
GST,83450,540863,20210521
?에?치?팩19??380440,1535257,20210521,
?성?팩4??377630,1528530,20210521,
?영?스?씨,361670,405506,20210521
???크,19540,146560,20210531
?스?ICT,22100,155212,20210503
?로바하?텍,43590,260611,20210511
ESR켄달?퀘어리츠,365550,1437186,20210615
?화?스??272210,339391,20210616,
?디??091270,612115,20210511,
?강?앤??100090,480367,20210511,
?승?앤?이,378850,1532603,20210429
?너?크,19990,169215,20210429
?스지?이?라?드?비??224880,1137897,20210506,
?우??,120780,673301,20210506
?세계푸??031440,274933,20210504,
?랜??054210,206659,20210504,
?앤?이,56090,346610,20210513
?우기술,23590,176914,20210511
?우?이?,32190,238782,20210511
?크??308700,1016886,20210504,
?국?마,32300,187770,20210511
????013570,117179,20210511,
?일,32280,127909,20210504
??기??008830,109310,20210504,
?성밸브,39610,217743,20210504
?용?보?신,10280,138303,20210511
?큐?101240,520610,20210430,
?화?자증권,3530,148610,20210511
??증?003540,110893,20210511,
지?틱??303030,1318933,20210504,
?에?치?팩18??365590,1505186,20210504,
?진?재,53660,188715,20210511
??제지,6580,111227,20210511
?에?치??057880,410739,20210511,
?스,136540,868705,20210511
??오??066430,370200,20210511,
?상?스케??036220,260657,20210429,
?성?학,298000,1316236,20210511
?칠성?료,5300,120571,20210511
카카?게?즈,293490,1137383,20210511
JYP Ent.,35900,258689,20210511
?이?루??138080,571483,20210511,
??공업,170030,164502,20210511
??조?해??042660,111704,20210511,
?아?시???스,640,116824,20210511
비플?이?프??148780,980043,20210511,
?성???어?028050,126308,20210511,
?라?유,1000,135999,20210511
SK?이?스,660,164779,20210511
로??스,67730,238199,20210511
?성?앤??298020,1316227,20210511,
주성???어?036930,252135,20210601,
LG?로비전,37560,222532,20210518
LG,3550,120021,20210518
SV?베?트먼트,289080,599151,20210520
골프?215000,1067516,20210524,
?케미칼,11170,165413,20210524
리더??기술?자,19570,110750,20210517
진원?명과학,11000,118521,20210517
?프,66110,226228,20210517
?포츠서??039670,298687,20210517,
?사?언?픽,57680,372688,20210517
?이비프로바?오,195990,620558,20210517
?승,333430,1396676,20210517
?앤?인?내?널,352480,1226410,20210517
?텍,216280,311270,20210517
메리츠증?008560,163682,20210517,
?진?너지,103130,609485,20210518
?한카드,32710,307897,20210512
?국?보?신,25770,159342,20210601
?도?기,7610,131939,20210601
STX중공??071970,406046,20210601,
?엔?러??115530,660033,20210616,
?라리스?노,114630,663669,20210617
?성머스?스????380320,1534522,20210617,
?온?크,232680,911229,20210617
3S,60310,378363,20210521
?프?185190,830447,20210521,
기신?기,92440,106614,20210527
?방??,4490,133858,20210524
케?티??,33780,244455,20210513
?리종금,10050,104102,20210513
??차증?001500,137997,20210513,
미래?셋증권,6800,111722,20210513
미래?셋?명,85620,112332,20210513
NH?자증권,5940,120182,20210513
?진증권,1200,131054,20210513
?화?명,88350,113058,20210513
?비케??032620,220057,20210513,
?테??178780,923826,20210525,
?,1140,104519,20210429
브이???피,18290,150165,20210526
KPX?명과학,114450,532059,20210526
진시?템,363250,1437858,20210526
?이브존I&C,67830,422895,20210513
???렉??115570,405959,20210513,
?무원?품,103160,684732,20210512
?성?에??195870,1032413,20210504,
SGA,49470,351579,20210513
?주전?재?078600,177816,20210513,
?국컴퓨??054040,303396,20210513,
코센,9730,116426,20210513
지?010580,147860,20210513,
?비??084440,531078,20210503,
?진,32750,173351,20210527
GS?쇼??028150,207755,20210513,
바이?인?라?명과학,266470,1130885,20210513
?울반도?046890,130763,20210504,
?주??,89590,555874,20210531
???옵??106520,536329,20210518,
??어?065530,250137,20210514,
?이?론?스?즈,19490,156150,20210607
조광ILI,44060,291860,20210607
?브?첨?소??131400,533924,20210607,
?스?아?아??스,900110,799070,20210607
?남??008800,164362,20210607,
?주맥주,276730,1230255,20210607
THQ,192410,623184,20210607
?치?프??230240,1108442,20210514,
SK?노베이??096770,631518,20210517,
?스??005850,125521,20210517,
?림?아?에??223250,916826,20210531,
?성?앤?097870,367385,20210531,
체시??033250,125576,20210601,
?북???006350,147295,20210514,
바텍,43150,264255,20210609
?국?컴?니,240,160047,20210603
?????331920,1114586,20210607,
?코?로비엠,247540,1160363,20210511
?심,4370,108241,20210514
바이?트?222160,1037542,20210518,
금강철강,53260,105475,20210518
?리금융지?316140,1350869,20210518,
?리???000030,254045,20210518,
?세?제지,2310,138729,20210609
?이마켓코리??122900,360142,20210610,
?성?자,5930,126380,20210610
SK바이?사?언??302440,1319899,20210514,
SK?이?테??로?,361610,1386916,20210514
?머릿?,900100,781202,20210602
?앤??5,56730,318662,20210615
JB금융지?175330,980122,20210518,
??리바??079430,300548,20210518,
?메?드맥스,101730,643656,20210615
?성첨단?재,298050,1316254,20210511
ES?브,50120,175623,20210514
???001680,121941,20210514,
?우??079370,442570,20210514,
조??축???031920,136095,20210514,
?올,16740,119672,20210513
?흥?스?씨,243840,807379,20210513
?노??214320,565154,20210513,
케?씨??281820,1261893,20210512,
???동?005380,164742,20210512,
버킷?튜?오,66410,378220,20210512
코스맥스?비??222040,656289,20210514,
?라??스,60980,299002,20210512
AP?스??265520,1203808,20210512,
?방?크,53080,304076,20210512
?마??139480,872984,20210512,
경동?시가??267290,1208885,20210512,
?코?스,53450,351630,20210514
굿센,243870,565215,20210512
?큐?131090,402110,20210512,
?큐??232830,1113499,20210512,
?포마크,175140,861997,20210512
KSS?운,44450,160232,20210512
코아?아,45970,271501,20210512
NAVER,35420,266961,20210512
강원?드,35250,255619,20210512
???리베이??017800,164724,20210512,
?아?운,3280,167208,20210512
콜마?마,38710,334615,20210514
?국???주,47810,309503,20210514
?국??어?테??로?,161390,937324,20210512
??미포조선,10620,164609,20210512
?세?004170,136378,20210512,
SK?앤??210980,508344,20210531,
?이?티,138360,808068,20210531
?한???000010,149293,20210512,
?한금융?자,8670,138321,20210512
바른??018700,122205,20210503,
?니?자,4770,138057,20210503
?리조명,37400,155692,20210503
?익??스,30530,216647,20210503
?피?163430,1072518,20210503,
?브?인??스,36830,247975,20210503
EG,37370,261054,20210503
?로??스,51780,296324,20210503
?이치엘비파??043220,317487,20210503,
?국?자금융,63570,363769,20210503
?림?스컴퍼??060570,364467,20210503,
?넨바이??072520,408956,20210503,
WI,73570,440712,20210503
코스?인,82660,442455,20210503
칩스???어,94360,579971,20210503
지?마??로벌,114570,673976,20210503
???파?214870,820389,20210503,
?마리서?214450,970453,20210503,
?네?쳐??스,298540,1214743,20210503
KTH,36030,260958,20210513
?큐??축???007640,111014,20210512,
?렌지?이?생명보??079440,176792,20210512,
?성?재?상보험,810,139214,20210510
?리기술?자,41190,231664,20210527
?유?약,220,144818,20210527
?엘?터?셔??037340,241236,20210527,
?아?티,110990,576798,20210512
?일?멘??300720,1319808,20210527,
??드,2270,120508,20210527
?리?046970,296005,20210607,
?성바이?로직스,207940,877059,20210512
?이?정보통??036800,264945,20210609,
?크?스?스,140860,244747,20210617
?이?스,99190,550994,20210511
?산?트?스,39560,268251,20210511
맘스?치,220630,1089855,20210511
??019680,108913,20210512,
?국?강,1230,114792,20210512
모아??033200,241209,20210513,
?리??058220,441128,20210611,
GV,45890,455112,20210611
SGA?루?즈,184230,988364,20210611
?이?텍,226350,809517,20210611
?비루셈,376190,527011,20210611
?화?루??009830,162461,20210503,
?국조선?양,9540,164830,20210506
?임,65160,389387,20210512
?주???006220,148832,20210512,
?화?업,1770,137809,20210503
???007680,111838,20210601,
?이?현?스??033320,223513,20210601,
?솔??스,4150,171636,20210601
?베?트?자증권,78020,330424,20210601
??이마트,71840,158307,20210602
SM C&C,48550,185046,20210602
?국?력공사,15760,159193,20210602
??카일?042940,232007,20210602,
AJ?트?스,95570,365387,20210513
?국코퍼?이??050540,302078,20210513,
KB?해보험,2550,120216,20210513
컨버?109070,753643,20210513,
?라?,47730,304401,20210506
?파?프?즈?144960,521390,20210602,
?이?테??로?,200710,657002,20210602
?브?엠??900140,838500,20210611,
