,종목명,종목코드,기업코드,수정일
0,지놈앤컴퍼니,314130,01276026,20210216
1,웹젠,069080,00405320,20210215
2,우리넷,115440,00664048,20210217
3,마이크로디지탈,305090,01267967,20210217
4,나노,187790,00994994,20210216
5,손오공,066910,00306870,20210216
6,새로닉스,042600,00147994,20210217
7,피씨디렉트,051380,00297934,20210217
8,이큐셀,160600,00818472,20210125
9,케이엠제약,225430,01095704,20210126
10,교보9호스팩,331520,01398151,20210126
11,네추럴FNP,086220,00523176,20210217
12,로보로보,215100,01063990,20210217
13,DSR제강,069730,00151298,20210215
14,교보10호기업인수목적,355150,01476219,20210126
15,아이비김영,339950,01414422,20210217
16,메디안디노스틱,233250,01035942,20210215
17,미래에셋맵스리츠,357250,01437292,20210127
18,한국정밀기계,101680,00257732,20210128
19,비비씨,318410,01153105,20210217
20,삼기,122350,00799177,20210217
21,씨앤에스링크,245450,01116380,20210217
22,유나이티드,033270,00158963,20210215
23,지니언스,263860,00962223,20210215
24,파라텍,033540,00105138,20210105
25,예스코홀딩스,015360,00105101,20210105
26,시노펙스,025320,00203023,20210105
27,모나리자,012690,00173102,20210215
28,티웨이홀딩스,004870,00109514,20210215
29,씨앤지하이테크,264660,00605328,20210215
30,삼화왕관,004450,00129235,20210215
31,백산,035150,00122551,20210215
32,피엔에이치테크,239890,01112889,20210216
33,비엔디생활건강,215050,01055317,20210112
34,하림지주,003380,00148364,20210204
35,에스코넥,096630,00573269,20210217
36,삼성제약,001360,00126414,20210217
37,화인베스틸,133820,00661847,20210217
38,극동전선,006250,00105165,20210215
39,퓨쳐스트림네트웍스,214270,01061497,20210215
40,CNH,023460,00149266,20210215
41,세아메탈,033020,00206084,20210216
42,아모텍,052710,00298447,20210216
43,삼영이엔씨,065570,00288343,20210127
44,선진뷰티사이언스,086710,00132202,20210127
45,SK케미칼,285130,01267170,20210216
46,삼성카드,029780,00126292,20210111
47,코리아센터,290510,00540340,20210216
48,대상홀딩스,084690,00539274,20210216
49,TJ미디어,032540,00201733,20210128
50,애니젠,196300,00808086,20210216
51,엠투아이,347890,00670766,20210215
52,흥국화재,000540,00103176,20210129
53,인터엠,017250,00145914,20210202
54,유진스팩4호,321260,01359736,20210202
55,유진스팩5호,331380,01393721,20210202
56,에스씨엠생명과학,298060,01110474,20210216
57,이트론,096040,00480756,20210215
58,이지스레지던스리츠,350520,01436628,20210215
59,이녹스첨단소재,272290,01237540,20210217
60,바이오리더스,142760,00587925,20210217
61,넥스지,081970,00584362,20210208
62,화천기계,010660,00166500,20210216
63,원익머트리얼즈,104830,00623661,20210216
64,티씨엠생명과학,228180,01067242,20210216
65,멜파스,096640,00609315,20210128
66,부광약품,003000,00123718,20210205
67,케이티스카이라이프,053210,00349097,20210216
68,아바코,083930,00442145,20210216
69,위월드,140660,00663289,20210216
70,한국토지신탁,034830,00233653,20210215
71,미원화학,134380,00855163,20210205
72,에이치엔에스하이텍,044990,00311216,20210215
73,차바이오텍,085660,00525679,20210222
74,일진다이아,081000,00508274,20210202
75,티와이홀딩스,363280,01497869,20210205
76,엑시콘,092870,00611736,20210223
77,중앙백신,072020,00415327,20210223
78,나눔테크,244880,01117422,20210205
79,해원에스티,058480,00252001,20210222
80,엘에이티,311060,01264234,20210222
81,팜스빌,318010,00986898,20210215
82,SG&G,040610,00264714,20210222
83,동일고무벨트,163560,00939687,20210222
84,이미지스,115610,00694942,20210205
85,인카금융서비스,211050,01013694,20210218
86,성도이엔지,037350,00216498,20210218
87,한국맥널티,222980,00579139,20210218
88,육일씨엔에쓰,191410,00843900,20210222
89,바다로19호,155900,00910947,20210222
90,사람인에이치알,143240,00857480,20210222
91,SK6호스팩,340350,01414936,20210222
92,퀀타매트릭스,317690,01311286,20210209
93,압타바이오,293780,01251595,20210209
94,위드텍,348350,00925587,20210222
95,아프리카TV,067160,00399694,20210222
96,다원넥스뷰,323350,01344363,20210222
97,심텍홀딩스,036710,00152127,20210218
98,심텍,222800,01095722,20210218
99,솔트룩스,304100,01050738,20210218
100,팬엔터테인먼트,068050,00397191,20210218
101,솔루엠,248070,01159233,20210217
102,셀트리온헬스케어,091990,00554024,20210105
103,OQP,078590,00230814,20210105
104,노루홀딩스,000320,00113508,20210209
105,루켄테크놀러지스,162120,00886792,20210215
106,라온피플,300120,01251489,20210222
107,브릿지바이오,288330,01227039,20210218
108,파미셀,005690,00145163,20210218
109,아이앤씨,052860,00365758,20210218
110,에스엠코어,007820,00137915,20210218
111,라닉스,317120,01327092,20210218
112,코미코,183300,00997812,20210218
113,네오크레마,311390,01219155,20210223
114,모트렉스,118990,00876908,20210223
115,에스티오,098660,00612188,20210223
116,OCI,010060,00148896,20210106
117,텔레칩스,054450,00423177,20210222
118,HRS,036640,00230911,20210222
119,덕성,004830,00114093,20210218
120,원바이오젠,278380,01138993,20210209
121,성문전자,014910,00132628,20210218
122,한국유니온제약,080720,00532855,20210222
123,넥센타이어,002350,00173874,20210218
124,KG케미칼,001390,00101220,20210218
125,도이치모터스,067990,00449379,20210223
126,PI첨단소재,178920,00767460,20210218
127,파워풀엑스,266870,01190780,20210218
128,한국철강,104700,00687711,20210218
129,KISCO홀딩스,001940,00159740,20210218
130,핑거,163730,01142075,20210129
131,보령제약,003850,00123143,20210222
132,큐리언트,115180,01042650,20210222
133,송원산업,004430,00134963,20210107
134,메디아나,041920,00273439,20210218
135,와이엠씨,155650,00870861,20210215
136,예선테크,250930,01166109,20210215
137,티에스아이,277880,01139035,20210218
138,마이크로프랜드,147760,00654175,20210218
139,프로테옴텍,303360,01267958,20210218
140,서플러스글로벌,140070,00599285,20210218
141,코스모신소재,005070,00129989,20210218
142,메디톡스,086900,00580199,20210222
143,대한제강,084010,00113225,20210219
144,하나제약,293480,00248974,20210223
145,롯데지주,004990,00120562,20210113
146,GS리테일,007070,00140177,20210108
147,경남은행,192520,01030132,20210111
148,삼성증권,016360,00104856,20210111
149,서연,007860,00163114,20210218
150,한일네트웍스,046110,00277736,20210215
151,인지디스플레,037330,00265421,20210215
152,위세아이텍,065370,00374738,20210222
153,동양피스톤,092780,00117726,20210222
154,클리오,237880,00957735,20210222
155,라이온켐텍,171120,00317104,20210118
156,나우IB,293580,00651017,20210121
157,DB손해보험,005830,00159102,20210111
158,SK텔레콤,017670,00159023,20210111
159,옴니시스템,057540,00265005,20210111
160,모보,051810,00347442,20210215
161,인터지스,129260,00151368,20210215
162,한국스탠다드차타드은행,000110,00148504,20210215
163,CJ씨푸드,011150,00129013,20210217
164,올릭스,226950,01113718,20210222
165,쿠쿠홀딩스,192400,00132354,20210222
166,무림P&P,009580,00119007,20210222
167,인바이오,352940,00367871,20210222
168,펄어비스,263750,01152470,20210222
169,케이비증권,003450,00164876,20210106
170,한국씨티은행,016830,00161444,20210114
171,진성티이씨,036890,00174208,20210219
172,SDN,099220,00574611,20210222
173,신도기연,290520,00961570,20210218
174,로보티즈,108490,00946030,20210217
175,피씨엘,241820,01051092,20210217
176,코리아에스이,101670,00527491,20210217
177,한국콜마,161890,00939331,20210222
178,카페24,042000,00260879,20210217
179,나우코스,257990,00425254,20210217
180,스카이문스테크놀로지,033790,00276083,20210106
181,핸즈코퍼레이션,143210,00119140,20210223
182,브이원텍,251630,01027794,20210223
183,코세스,089890,00365934,20210223
184,애경산업,018250,00139454,20210222
185,DB금융스팩8호,367340,01505450,20210218
186,노터스,278650,01189438,20210217
187,슈프리마에이치큐,094840,00599957,20210217
188,대신밸런스제9호스팩,369370,01508855,20210217
189,엘이티,297890,00523936,20210217
190,휴네시온,290270,01251577,20210222
191,DB금융투자,016610,00115694,20210111
192,SK네트웍스,001740,00131780,20210111
193,에이펙스인텍,207490,00832700,20210223
194,플럼라인생명과학,222670,01063237,20210218
195,제노텍,066830,00393618,20210218
196,하나금융16호스팩,343510,01419384,20210217
197,파워넷,037030,00231354,20210217
198,창해에탄올,004650,00123523,20210222
199,CS홀딩스,000590,00149026,20210216
200,조선선재,120030,00796994,20210216
201,현대글로비스,086280,00360595,20210218
202,조광피혁,004700,00148939,20210218
203,KPX케미칼,025000,00191472,20210217
204,디케이티,290550,01137903,20210217
205,라이프사이언스테크놀로지,285770,01187175,20210222
206,세종공업,033530,00134510,20210222
207,파트론,091700,00490151,20210222
208,박셀바이오,323990,01335851,20210219
209,KC그린홀딩스,009440,00159971,20210118
210,모바일어플라이언스,087260,00556615,20210223
211,펨토바이오메드,327610,01336735,20210223
212,코퍼스코리아,322780,01364297,20210218
213,파마리서치바이오,217950,01066058,20210218
214,세아제강,306200,01325979,20210218
215,신원,009270,00136864,20210217
216,덕신하우징,090410,00454937,20210219
217,인천도시가스,034590,00145862,20210219
218,액트로,290740,01141942,20210223
219,신풍제약,019170,00137359,20210204
220,하나머스트제6호스팩,307160,01326260,20210222
221,한솔피엔에스,010420,00103626,20210218
222,티에스엠텍,066350,00397243,20210218
223,SKC,011790,00139889,20210114
224,대창스틸,140520,00112721,20210218
225,에스티아이,039440,00298340,20210218
226,디오,039840,00115931,20210217
227,한독크린텍,256150,01069736,20210217
228,KMH,122450,00657987,20210219
229,그리티,204020,00671978,20210219
230,지에스이,053050,00351995,20210222
231,모두투어,080160,00456218,20210201
232,와이아이케이,232140,01109539,20210223
233,자비스,254120,01174038,20210205
234,유니크,011320,00147152,20210222
235,아이큐어,175250,00554352,20210218
236,NICE평가정보,030190,00158325,20210218
237,이노진,344860,01419135,20210126
238,제노레이,122310,00799539,20210218
239,대봉엘에스,078140,00442826,20210218
240,한국전기초자,009720,00159175,20210219
241,한세엠케이,069640,00357360,20210222
242,솔본,035610,00249982,20210222
243,세아베스틸,001430,00106669,20210118
244,지앤엘,014590,00106456,20210208
245,유니드,014830,00159786,20210210
246,이에스산업,241510,01119387,20210126
247,CJ,001040,00148540,20210128
248,상신전자,263810,00760999,20210215
249,드림라인,035430,00249034,20210215
250,태경산업,015890,00153339,20210215
251,쎄니트,037760,00239596,20210215
252,중앙에너비스,000440,00149770,20210209
253,루트로닉,085370,00549925,20210210
254,KCC건설,021320,00105466,20210205
255,하이즈항공,221840,00688358,20210205
256,에프앤가이드,064850,00331016,20210209
257,서전기전,189860,00869272,20210210
258,비에이치,090460,00447609,20210205
259,메디앙스,014100,00267854,20210127
260,에프알텍,073540,00442561,20210127
261,NHN한국사이버결제,060250,00357740,20210127
262,오로라,039830,00141556,20210128
263,구영테크,053270,00202060,20210104
264,큐브앤컴퍼니,043090,00351454,20210128
265,대성미생물,036480,00177320,20210209
266,하나투어,039130,00269940,20210210
267,에이치엘비생명과학,067630,00365590,20210104
268,시티랩스,139050,00656021,20210201
269,키네마스터,139670,00535375,20210210
270,지더블유바이텍,036180,00257149,20210106
271,에이트원,230980,01110076,20210106
272,비씨월드제약,200780,00256043,20210201
273,진바이오텍,086060,00491053,20210209
274,엔피케이,048830,00108490,20210215
275,티엘아이,062860,00261887,20210215
276,유니셈,036200,00260569,20210107
277,LG전자,066570,00401731,20210107
278,한화손해보험,000370,00135917,20210108
279,에스에너지,095910,00585538,20210108
280,푸른저축은행,007330,00124805,20210113
281,지란지교시큐리티,208350,01047169,20210120
282,엔에스컴퍼니,224760,00929228,20210215
283,한국금융지주,071050,00432102,20210111
284,LG하우시스,108670,00759513,20210112
285,한국제7호기업인수목적,291210,01277928,20210115
286,에이치엠씨제4호스팩,353070,01447217,20210201
287,에이치엠씨제5호스팩,353060,01447244,20210201
288,윌링스,313760,00863038,20210202
289,범양사,002480,00122728,20210210
290,셀트리온,068270,00413046,20210104
291,하이트진로,000080,00150244,20210104
292,하이트진로홀딩스,000140,00148993,20210104
293,현대일렉트릭,267260,01205851,20210104
294,레고켐바이오,141080,00842619,20210104
295,LG상사,001120,00120076,20210112
296,엑스큐어,070300,00683007,20210112
297,태영건설,009410,00153861,20210112
298,현대약품,004310,00164706,20210208
299,와이팜,332570,01015160,20210209
300,쎄노텍,222420,01091054,20210210
301,대원화성,024890,00112022,20210210
302,대구은행,005270,00109019,20210107
303,삼천리,004690,00128555,20210107
304,포스코인터내셔널,047050,00124504,20210107
305,와이제이엠게임즈,193250,01035678,20210215
306,클라우드에어,036170,00232821,20210113
307,케어랩스,263700,01187148,20210203
308,인산가,277410,01243161,20210203
309,세종메디칼,258830,00959229,20210203
310,동아타이어,282690,01262458,20210209
311,알에스오토메이션,140670,00858124,20210210
312,에이비온,203400,00977377,20210210
313,매커스,093520,00596677,20210210
314,GS,078930,00500254,20210107
315,JTC,950170,01041828,20210215
316,에브리봇,270660,01201590,20210215
317,기업은행,024110,00149646,20210113
318,LS,006260,00105952,20210114
319,인바이오젠,101140,00652423,20210203
320,파버나인,177830,00429694,20210208
321,삼양옵틱스,225190,00992543,20210210
322,영풍제지,006740,00141404,20210210
323,엔비티,236810,01051065,20210215
324,코오롱글로벌,003070,00152880,20210114
325,동국S&C,100130,00415594,20210209
326,서울옥션,063170,00410915,20210209
327,노루페인트,090350,00583442,20210215
328,LG디스플레이,034220,00105873,20210114
329,포트로닉스천안,039870,00222213,20210114
330,동양철관,008970,00117629,20210203
331,레인보우로보틱스,277810,01261644,20210203
332,민앤지,214180,01013311,20210203
333,한국자산신탁,123890,00404701,20210210
334,케이비제20호스팩,342550,01418543,20210215
335,이엠네트웍스,087730,00496225,20210118
336,큐브엔터,182360,00985686,20210118
337,슈펙스비앤피,058530,00353018,20210210
338,테고사이언스,191420,00926522,20210219
339,에스텍,069510,00306719,20210222
340,한일철강,002220,00163196,20210218
341,클래시스,214150,01061327,20210222
342,산은캐피탈,008270,00260356,20210216
343,앱클론,174900,00991191,20210216
344,크라운해태홀딩스,005740,00153126,20210216
345,알톤스포츠,123750,00821607,20210203
346,고바이오랩,348150,01399071,20210219
347,신화콘텍,187270,00925189,20210219
348,화일약품,061250,00188973,20210219
349,지어소프트,051160,00389110,20210222
350,세아홀딩스,058650,00377610,20210215
351,에스에이티,060540,00379229,20210222
352,동원산업,006040,00118026,20210222
353,광동제약,009290,00103592,20210222
354,다함이텍,009280,00130046,20210222
355,크라운제과,264900,01205329,20210216
356,글로벌텍스프리,204620,01042711,20210219
357,케이엠,083550,00242934,20210222
358,티앤알바이오팹,246710,01109937,20210222
359,본느,226340,01098792,20210222
360,대유,290380,00384948,20210222
361,ITX-AI,099520,00627029,20210222
362,미래에셋벤처투자,100790,00340096,20210215
363,SK5호스팩,337450,01414361,20210222
364,DB하이텍,000990,00160843,20210219
365,티티씨디펜스,309900,01350638,20210208
366,글로앤웰,035480,00255141,20210208
367,코오롱플라스틱,138490,00241005,20210216
368,레이언스,228850,00899459,20210217
369,HDC아이콘트롤스,039570,00350312,20210217
370,에코솔루션,052510,00346966,20210219
371,태원물산,001420,00154055,20210219
372,유니퀘스트,077500,00414601,20210219
373,에스에스알,275630,01250374,20210222
374,서진시스템,178320,00838005,20210222
375,SK4호스팩,307070,01336285,20210217
376,한국바이오젠,318000,00876166,20210222
377,제이브이엠,054950,00361381,20210222
378,케이프이에스제4호,347140,01428249,20210222
379,BGF,027410,00219097,20210216
380,빅텍,065450,00385363,20210216
381,국제약품,002720,00104722,20210216
382,한라,014790,00161116,20210216
383,비상교육,100220,00520887,20210216
384,이비테크,208850,01116344,20210216
385,포인트모바일,318020,00962393,20210219
386,하나금융17호스팩,363260,01493535,20210219
387,우리기술,032820,00231044,20210219
388,유엔젤,072130,00416654,20210219
389,신영스팩5호,323280,01366000,20210219
390,한미반도체,042700,00161383,20210219
391,휴비스,079980,00362238,20210219
392,한양디지텍,078350,00488989,20210219
393,무림페이퍼,009200,00136086,20210222
394,피에스케이,319660,01365825,20210222
395,대한전선,001440,00113207,20210216
396,피플바이오,304840,01118281,20210219
397,신영스팩6호,344050,01419986,20210219
398,동일금속,109860,00118284,20210219
399,네오펙트,290660,01246034,20210222
400,메카로,241770,00652007,20210222
401,덕산네오룩스,213420,01061558,20210222
402,아시아경제,127710,00665676,20210222
403,씨앤투스성진,352700,00875237,20210222
404,메가스터디교육,215200,01074862,20210216
405,폭스소프트,354230,01418260,20210217
406,RFHIC,218410,01078178,20210219
407,넥스틴,348210,01080252,20210219
408,알테오젠,196170,00989619,20210219
409,하이텍팜,106190,00409964,20210219
410,아이원스,114810,00625942,20210222
411,덕산테코피아,317330,01021666,20210222
412,STX조선해양,067250,00109453,20210222
413,베셀,177350,00813389,20210222
414,데이타솔루션,263800,00877819,20210222
415,엘오티베큠,083310,00484682,20210222
416,배럴,267790,01182240,20210216
417,대웅제약,069620,00427483,20210216
418,에프엔씨엔터,173940,00925295,20210216
419,디알젬,263690,00966168,20210216
420,광주은행,192530,01028164,20210216
421,하이스틸,071090,00435312,20210219
422,슈프리마아이디,317770,01231786,20210217
423,휴온스,243070,01159853,20210219
424,케이피에스,256940,01037214,20210219
425,한전KPS,051600,00159218,20210222
426,디아이,003160,00118275,20210222
427,한솔테크닉스,004710,00157399,20210222
428,아이쓰리시스템,214430,00612489,20210222
429,고영,098460,00579999,20210222
430,핌스,347770,01405390,20210222
431,연우,115960,00372253,20210222
432,삼양패키징,272550,01060814,20210222
433,금양,001570,00106119,20210222
434,사조대림,003960,00109718,20210222
435,헬릭스미스,084990,00359395,20210216
436,알로이스,297570,01309795,20210219
437,부국증권,001270,00123772,20210208
438,농심홀딩스,072710,00459871,20210209
439,조흥,002600,00149345,20210222
440,서흥,008490,00131692,20210216
441,남화토건,091590,00108001,20210216
442,서암기계공업,100660,00166528,20210216
443,엔에이치엔,181710,00983271,20210219
444,하나금융15호스팩,341160,01416457,20210219
445,안지오랩,251280,01115044,20210105
446,바이오빌,065940,00155382,20210115
447,디앤씨미디어,263720,01186404,20210222
448,에스제이케이,080440,00366793,20210222
449,대호에이엘,069460,00428729,20210222
450,케이프,064820,00152437,20210202
451,엘엠에스,073110,00494218,20210202
452,제이에스코퍼레이션,194370,00332927,20210222
453,펌텍코리아,251970,00761059,20210222
454,동구바이오제약,006620,00114686,20210216
455,동원시스템즈,014820,00132637,20210216
456,케이아이엔엑스,093320,00603348,20210125
457,우진,105840,00173944,20210127
458,아퓨어스,149300,00578130,20210127
459,파인테크닉스,106240,00755739,20210127
460,지역난방공사,071320,00159698,20210127
461,동양생명,082640,00117267,20210127
462,큐엠씨,136660,00816696,20210219
463,한주금속,198940,00156600,20210219
464,엠에스씨,009780,00121154,20210219
465,에이리츠,140910,00860730,20210219
466,엔피디,198080,00876643,20210222
467,진코스텍,250030,01158632,20210222
468,이더블유케이,258610,00961507,20210222
469,나이스디앤비,130580,00606293,20210222
470,우신시스템,017370,00142883,20210202
471,알엔투테크놀로지,148250,00915508,20210216
472,보라티알,250000,01124680,20210219
473,한국큐빅,021650,00160010,20210118
474,하나금융지주,086790,00547583,20210128
475,애경유화,161000,00936787,20210219
476,NE능률,053290,00363927,20210219
477,애니플러스,310200,01335578,20210219
478,네오셈,253590,01170865,20210222
479,엔젠바이오,354200,01397903,20210222
480,KMH하이텍,052900,00276834,20210222
481,이앤에치,341310,01337017,20210210
482,푸드나무,290720,01259311,20210216
483,세아특수강,019440,00133991,20210216
484,제이엔케이히터,126880,00442154,20210219
485,티비에이치글로벌,084870,00409672,20210219
486,YW,051390,00296263,20210104
487,린드먼아시아,277070,00616962,20210222
488,대선조선,031990,00110307,20210222
489,이엠넷,123570,00616290,20210215
490,이원컴포텍,088290,00409140,20210216
491,알에프텍,061040,00309831,20210216
492,자이에스앤디,317400,00367844,20210219
493,엔케이맥스,182400,00977650,20210222
494,와이즈버즈,273060,01236532,20210222
495,사조오양,006090,00141875,20210222
496,넥스트아이,137940,00614593,20210222
497,대웅,003090,00111810,20210216
498,경보제약,214390,00101664,20210219
499,우성아이비,194610,01011562,20210219
500,셀트리온제약,068760,00541349,20210219
501,우양,103840,00486875,20210222
502,까뮤이앤씨,013700,00129420,20210222
503,인터코스,240340,01117592,20210222
504,한샘,009240,00161693,20210222
505,유틸렉스,263050,01110678,20210218
506,캠시스,050110,00330044,20210222
507,위닉스,044340,00293886,20210222
508,SG세계물산,004060,00133511,20210222
509,가비아,079940,00506294,20210222
510,파이오링크,170790,00492353,20210222
511,JW중외제약,001060,00149947,20210209
512,정산애강,022220,00140061,20210219
513,컴퍼니케이,307930,00598198,20210224
514,디에스케이,109740,00530121,20210224
515,대유에이피,290120,01182578,20210224
516,AK홀딩스,006840,00125080,20210224
517,대아티아이,045390,00318316,20210224
518,로체시스템즈,071280,00363486,20210225
519,엠에프엠코리아,323230,01384477,20210226
520,백광산업,001340,00122472,20210226
521,디스플레이텍,066670,00371740,20210225
522,코람코에너지리츠,357120,01430475,20210225
523,영림원소프트랩,060850,00532129,20210225
524,와이지엔터테인먼트,122870,00613318,20210225
525,한국비엔씨,256840,01179617,20210225
526,노드메이슨,317860,01328170,20210224
527,서남,294630,00867973,20210224
528,팅크웨어,084730,00438036,20210224
529,위노바,039790,00261735,20210224
530,휠라홀딩스,081660,00195229,20210224
531,그린케미칼,083420,00454946,20210224
532,디씨엠,024090,00177199,20210224
533,에스트라,016570,00154392,20210225
534,일신방직,003200,00146269,20210226
535,우림기계,101170,00567222,20210226
536,판도라티비,202960,00541862,20210226
537,대현,016090,00113614,20210224
538,슈피겐코리아,192440,00917861,20210224
539,대한과학,131220,00608316,20210224
540,IBKS제12호스팩,335870,01405585,20210224
541,상상인이안1호스팩,307870,01326792,20210224
542,더콘텐츠온,302920,00991225,20210225
543,세기리텍,199870,00929778,20210224
544,엠씨넥스,097520,00564562,20210225
545,웹스,196700,00864338,20210225
546,씨에스윈드,112610,00670340,20210224
547,윌비스,008600,00104999,20210224
548,디티앤씨,187220,00675594,20210224
549,메드팩토,235980,01336373,20210224
550,쌍용건설,012650,00138206,20210224
551,이리츠코크렙,088260,00544452,20210224
552,디알텍,214680,01062867,20210224
553,상상인이안제2호스팩,329560,01390876,20210224
554,다이오진,271850,01163050,20210225
555,KC코트렐,119650,00797364,20210302
556,청광건설,140290,00599489,20210224
557,엠케이전자,033160,00121686,20210224
558,태경비케이,014580,00122481,20210224
559,머큐리,100590,00364740,20210225
560,한국기업평가,034950,00156956,20210224
561,세하,027970,00133706,20210224
562,하이제5호스팩,340120,01414370,20210302
563,케이디켐,221980,00370918,20210226
564,일진홀딩스,015860,00146649,20210302
565,대백저축은행,026970,00110060,20210224
566,오킨스전자,080580,00543107,20210224
567,키이스트,054780,00353762,20210224
568,에코캡,128540,00870481,20210224
569,엘컴텍,037950,00242712,20210224
570,디지털대성,068930,00398808,20210224
571,한국콜마홀딩스,024720,00203290,20210224
572,메타바이오메드,059210,00317681,20210224
573,태웅로직스,124560,00562245,20210225
574,성보화학,003080,00132725,20210225
575,엠소닉,008120,00124577,20210226
576,엘아이에스,138690,00670085,20210224
577,지디,155960,00676122,20210224
578,아비코전자,036010,00138598,20210224
579,와이엠티,251370,00602172,20210225
580,지에스엔텍,037640,00248053,20210226
581,이노테라피,246960,01110182,20210226
582,사조씨푸드,014710,00124780,20210302
583,건영,012720,00100957,20210302
584,넷마블,251270,00904672,20210226
585,국민은행,060000,00386937,20210226
586,코아시아옵틱스,196450,01031502,20210226
587,뷰노,338220,01344202,20210226
588,푸드웰,005670,00165103,20210226
589,브리지텍,064480,00359076,20210302
590,비엔에프코퍼레이션,271780,01221947,20210224
591,하츠,066130,00221728,20210224
592,한국카본,017960,00159795,20210302
593,바이넥스,053030,00216027,20210302
594,동방,004140,00115287,20210224
595,벽산,007210,00122898,20210224
596,큐로,015590,00108746,20210225
597,인성정보,033230,00229021,20210225
598,쎄미시스코,136510,00763358,20210224
599,케어룸의료산업,327970,01344752,20210302
600,신일전자,002700,00173698,20210224
601,GKL,114090,00557508,20210224
602,제룡산업,147830,00899556,20210224
603,성창오토텍,080470,00486370,20210223
604,위지윅스튜디오,299900,01276327,20210223
605,데이드림엔터,348840,01343735,20210224
606,에이원알폼,234070,00614089,20210224
607,케이비17호스팩,317030,01351114,20210224
608,에스제이켐,217910,01139497,20210224
609,나스미디어,089600,00486097,20210226
610,서희건설,035890,00219848,20210226
611,센코,347000,01023318,20210226
612,엘앤씨바이오,290650,01181515,20210226
613,원림,005820,00143794,20210302
614,모나미,005360,00121288,20210226
615,세경하이테크,148150,00913689,20210302
616,네이처셀,007390,00117276,20210302
617,자이글,234920,01020524,20210224
618,일성건설,013360,00146232,20210223
619,루트락,253610,01262023,20210225
620,케이비제18호스팩,323940,01371312,20210224
621,천지산업,001490,00151447,20210226
622,비올,335890,01406618,20210302
623,일양약품,007570,00146454,20210226
624,팜스코,036580,00260408,20210224
625,디에이피,066900,00303192,20210224
626,한일사료,005860,00162911,20210224
627,SG,255220,00963976,20210225
628,한솔케미칼,014680,00140955,20210226
629,오스테오닉,226400,01082348,20210226
630,에코마케팅,230360,01029394,20210226
631,디지틀조선,033130,00231442,20210224
632,큐에스아이,066310,00411446,20210224
633,앱코,129890,01207716,20210223
634,태양기계,116100,00442631,20210224
635,명성티엔에스,257370,01144569,20210225
636,유니테크노,241690,00531865,20210225
637,세화피앤씨,252500,01169267,20210223
638,비덴트,121800,00693651,20210226
639,일성신약,003120,00146214,20210226
640,하나머티리얼즈,166090,00660750,20210226
641,포스코강판,058430,00155258,20210226
642,지엔코,065060,00258102,20210224
643,옵티팜,153710,00971726,20210224
644,신세계인터내셔날,031430,00234412,20210224
645,유비쿼스홀딩스,078070,00411385,20210224
646,흥국,010240,00167031,20210224
647,미창석유공업,003650,00122056,20210224
648,미래에셋대우스팩3호,328380,01390399,20210224
649,범양건영,002410,00122694,20210224
650,대한제분,001130,00113243,20210224
651,에쎈테크,043340,00203209,20210224
652,덱스터,206560,01021949,20210223
653,덴티스,261200,01187494,20210223
654,JW생명과학,234080,00225706,20210224
655,에이스토리,241840,00975290,20210225
656,보광산업,225530,00568461,20210223
657,에스케이커뮤니케이션즈,066270,00361725,20210223
658,알바이오,003190,00112004,20210224
659,이엔에프테크놀로지,102710,00530185,20210226
660,인텔리안테크,189300,00664181,20210226
661,원익IPS,240810,01135941,20210302
662,비피도,238200,01109070,20210224
663,대림비앤코,005750,00109754,20210224
664,유니트론텍,142210,00879020,20210224
665,서원,021050,00131197,20210224
666,잘만테크,090120,00491336,20210224
667,천랩,311690,01071041,20210224
668,씨이랩,189330,00991298,20210224
669,미래컴퍼니,049950,00447760,20210224
670,랩지노믹스,084650,00545114,20210224
671,넥스피안,079560,00481223,20210223
672,티웨이항공,091810,00671376,20210223
673,에이팩트,200470,00667425,20210226
674,유수홀딩스,000700,00163691,20210225
675,쎌바이오텍,049960,00357430,20210226
676,에스피시스템스,317830,00624749,20210226
677,삼목에스폼,018310,00125646,20210224
678,신세계톰보이,012580,00132488,20210224
679,씨티케이코스메틱스,260930,01144028,20210224
680,호전실업,111110,00226316,20210224
681,JW홀딩스,096760,00632304,20210224
682,맥스로텍,141070,00678096,20210225
683,옵트론텍,082210,00327396,20210225
684,유바이오로직스,206650,00927558,20210224
685,디티알오토모티브,007340,00116949,20210226
686,한신기계공업,011700,00162072,20210226
687,아진산업,013310,00139083,20210302
688,에이아이비트,039230,00295370,20210312
689,SNT중공업,003570,00134477,20210312
690,내츄럴엔도텍,168330,00923792,20210312
691,SNT모티브,064960,00398792,20210312
692,SNT에너지,100840,00648721,20210312
693,보성파워텍,006910,00267881,20210323
694,한진,002320,00163512,20210329
695,싸이토젠,217330,01046391,20210224
696,엘피케이로보틱스,183350,00989327,20210225
697,대주이엔티,114920,00414540,20210225
698,진로발효,018120,00170877,20210302
699,유니포인트,121060,00445869,20210302
700,모두투어리츠,204210,01035289,20210302
701,피에스엠씨,024850,00155586,20210302
702,동부건설,005960,00115612,20210312
703,테라텍,151750,00665630,20210323
704,한국미라클피플사,331660,01363924,20210323
705,이엔코퍼레이션,066980,00389998,20210324
706,알리코제약,260660,00447007,20210324
707,한신공영,004960,00162063,20210324
708,석경에이티,357550,00921916,20210329
709,릭스솔루션,029480,00186452,20210330
710,대성에너지,117580,00787376,20210330
711,코오롱인더,120110,00795135,20210330
712,현우산업,092300,00367455,20210330
713,라온시큐어,042510,00255433,20210224
714,이노메트리,302430,01258710,20210224
715,제이티,089790,00365457,20210225
716,엄지하우스,224810,00607797,20210225
717,시그넷이브이,260870,01188730,20210225
718,미투온,201490,00965813,20210225
719,스튜디오드래곤,253450,01168684,20210225
720,서연탑메탈,019770,00153278,20210225
721,까스텔바작,308100,01181807,20210302
722,케이비캐피탈,021960,00161408,20210315
723,나라소프트,288490,01267550,20210315
724,빅솔론,093190,00478900,20210324
725,롯데제과,280360,01258507,20210324
726,제이씨케미칼,137950,00664853,20210324
727,고려시멘트,198440,01032583,20210324
728,슈프리마,236200,01124653,20210324
729,제노코,361390,01014718,20210324
730,라이트론,069540,00367482,20210330
731,우리바이오,082850,00369107,20210331
732,스페이스솔루션,245030,00664288,20210224
733,해태제과식품,101530,00428321,20210224
734,에스엠비나,299670,01203507,20210225
735,비나텍,126340,00563518,20210225
736,오상자이엘,053980,00226547,20210225
737,알티캐스트,085810,00364254,20210223
738,신풍제지,002870,00137368,20210223
739,신한제7호스팩,366330,01514528,20210318
740,대원미디어,048910,00351807,20210318
741,쇼박스,086980,00303794,20210329
742,디와이파워,210540,01059605,20210224
743,나이벡,138610,00767628,20210225
744,이스트소프트,047560,00273420,20210225
745,DMS,068790,00361594,20210302
746,아바텍,149950,00442048,20210302
747,씨엔티드림,286000,01114559,20210302
748,사조동아원,008040,00137252,20210302
749,제일약품,271980,01236897,20210302
750,현대건설기계,267270,01205842,20210303
751,국제엘렉트릭코리아,053740,00218052,20210304
752,하림,136480,00857727,20210310
753,파티게임즈,194510,00977696,20210310
754,비츠로시스,054220,00201432,20210310
755,라이프시맨틱스,347700,01336762,20210324
756,보해양조,000890,00123541,20210325
757,에스엔유,080000,00455981,20210331
758,후성,093370,00595191,20210331
759,에이플러스에셋,244920,00684802,20210331
760,게임빌,063080,00535746,20210331
761,에스디시스템,121890,00604815,20210331
762,스템랩,258540,01109122,20210331
763,우리이앤엘,153490,00815095,20210331
764,듀오백,073190,00407771,20210224
765,한국제8호스팩,310870,01336443,20210225
766,대한약품,023910,00113128,20210225
767,동아,012760,00116806,20210225
768,오션스톤,329020,01388631,20210302
769,효성중공업,298040,01316245,20210304
770,SIMPAC,009160,00138260,20210304
771,경농,002100,00101433,20210331
772,남선알미늄,008350,00107224,20210331
773,농우바이오,054050,00176835,20210331
774,KR모터스,000040,00112378,20210331
775,태웅,044490,00186799,20210331
776,아이에스동서,010780,00115977,20210331
777,두산,000150,00117212,20210331
778,SGC에너지,005090,00125150,20210331
779,케이엘넷,039420,00246620,20210331
780,삼영전자공업,005680,00127200,20210331
781,씨씨에스,066790,00249441,20210331
782,SH에너지화학,002360,00136457,20210331
783,CJ ENM,035760,00265324,20210331
784,SK가스,018670,00144164,20210331
785,한솔로지스틱스,009180,00140946,20210225
786,AP위성,211270,00874803,20210225
787,앙츠,267810,01187865,20210225
788,한국투자파트너스,019560,00162081,20210225
789,서호전기,065710,00220622,20210226
790,신한제6호스팩,333050,01407158,20210302
791,대신밸런스제8호스팩,336570,01407909,20210302
792,싸이맥스,160980,00659161,20210302
793,펩트론,087010,00415868,20210302
794,세우글로벌,013000,00134176,20210302
795,삼양통상,002170,00127042,20210304
796,아이엘사이언스,307180,01326279,20210304
797,하나머스트7호스팩,372290,01513404,20210305
798,모베이스,101330,00498001,20210317
799,우리산업,215360,01077577,20210326
800,인터플렉스,051370,00369170,20210330
801,서린바이오,038070,00373447,20210330
802,뉴프렉스,085670,00493510,20210330
803,예스티,122640,00530556,20210330
804,앤씨앤,092600,00537337,20210330
805,제넥신,095700,00545929,20210330
806,갤럭시아머니트리,094480,00587457,20210330
807,디바이스이엔지,187870,00624509,20210330
808,씨유메디칼,115480,00681249,20210330
809,야스,255440,00875307,20210330
810,드림시큐리티,203650,01038693,20210330
811,디딤,217620,01068658,20210330
812,쿠첸,225650,01102095,20210225
813,유에스티,263770,01196313,20210225
814,이상네트웍스,080010,00454399,20210225
815,유티아이,179900,00961774,20210225
816,모비스,250060,01165155,20210225
817,오리온홀딩스,001800,00117577,20210226
818,CS,065770,00303703,20210302
819,삼진엘앤디,054090,00239514,20210302
820,더존비즈온,012510,00172291,20210302
821,유니온커뮤니티,203450,00408266,20210302
822,에스에프에이,056190,00358271,20210302
823,오리엔트바이오,002630,00141626,20210305
824,이매진아시아,036260,00122339,20210326
825,에스퓨얼셀,288620,01257872,20210330
826,솔브레인,357780,01489648,20210330
827,동양건설산업,005900,00117072,20210330
828,베뉴지,019010,00267906,20210331
829,조비,001550,00148948,20210331
830,두산중공업,034020,00159616,20210331
831,광진윈텍,090150,00365624,20210331
832,미래테크놀로지,213090,01015726,20210224
833,윈텍,320000,01359815,20210224
834,유니테스트,086390,00540447,20210225
835,지엠비코리아,013870,00156354,20210226
836,키움제5호스팩,311270,01337220,20210226
837,아이티엠반도체,084850,00579980,20210223
838,제노포커스,187420,00983916,20210302
839,하나기술,299030,00601191,20210302
840,지누스,013890,00150633,20210317
841,상상인증권,001290,00112059,20210309
842,링네트,042500,00352499,20210309
843,나노씨엠에스,247660,00660459,20210309
844,이씨에스,067010,00400060,20210309
845,뿌리깊은나무들,266170,00990396,20210326
846,신성델타테크,065350,00136226,20210224
847,케이씨더블류,068060,00175650,20210225
848,경창산업,024910,00102353,20210225
849,이엘피,063760,00374020,20210225
850,아이디스,143160,00883980,20210225
851,켐트로스,220260,01089350,20210225
852,아이디피,332370,01213586,20210225
853,세종텔레콤,036630,00268002,20210225
854,오하임아이엔티,309930,01335453,20210225
855,황금에스티,032560,00218575,20210225
856,에스지신성건설,001970,00173661,20210225
857,에스에이티이엔지,158300,00563147,20210225
858,모헨즈,006920,00163318,20210225
859,KNN,058400,00208134,20210302
860,유진로봇,056080,00234227,20210302
861,아이에이치큐,003560,00154426,20210302
862,에이블씨엔씨,078520,00400857,20210302
863,프레스티지바이오파마,950210,01510489,20210302
864,녹십자랩셀,144510,01010642,20210302
865,유진테크,084370,00531014,20210302
866,브랜드엑스코퍼레이션,337930,01391103,20210302
867,대주코레스,008340,00133715,20210302
868,픽셀플러스,087600,00495086,20210305
869,아이스크림에듀,289010,00983934,20210317
870,아스타,246720,01157235,20210317
871,엘앤에프,066970,00398701,20210318
872,삼성에스디에스,018260,00126186,20210318
873,신도리코,029530,00135795,20210318
874,멀티캠퍼스,067280,00425351,20210318
875,한국주철관공업,000970,00159573,20210318
876,이엘케이,094190,00379016,20210316
877,팍스넷,038160,00334624,20210317
878,바이오다인,314930,01117413,20210317
879,대양전기공업,108380,00111193,20210326
880,서울제약,018680,00131018,20210329
881,계양전기,012200,00102618,20210329
882,남광토건,001260,00107066,20210329
883,한국선재,025550,00158015,20210329
884,대영포장,014160,00111458,20210329
885,메디프론,065650,00391197,20210331
886,녹원씨엔아이,065560,00393469,20210331
887,KTcs,058850,00372882,20210331
888,제이앤티씨,204270,00447575,20210331
889,덴티움,145720,00526599,20210331
890,인포뱅크,039290,00243757,20210225
891,콜마비앤에이치,200130,01032404,20210225
892,동원개발,013120,00117966,20210225
893,메디쎄이,200580,01018617,20210223
894,지성이씨에스,138290,00890388,20210302
895,에이프로,262260,00604268,20210302
896,네오오토,212560,00876865,20210302
897,호텔신라,008770,00165680,20210302
898,플레이디,237820,00862853,20210308
899,프리젠,060910,00353230,20210308
900,씨앗,103660,00762377,20210318
901,삼호개발,010960,00128980,20210319
902,진양산업,003780,00150439,20210319
903,파라다이스,034230,00171265,20210329
904,대원강업,000430,00111847,20210329
905,한국팩키지,037230,00198192,20210329
906,해성산업,034810,00219361,20210329
907,세아제강지주,003030,00124197,20210329
908,한국경제TV,039340,00263371,20210329
909,엑사이엔씨,054940,00360577,20210329
910,삼진제약,005500,00128412,20210329
911,탑엔지니어링,065130,00366845,20210329
912,삼화페인트공업,000390,00129387,20210329
913,KG모빌리언스,046440,00405278,20210329
914,신대양제지,016590,00135777,20210329
915,누리플랜,069140,00410997,20210329
916,신라교역,004970,00135962,20210329
917,오뚜기,007310,00141529,20210329
918,플랜티넷,075130,00490179,20210329
919,일동홀딩스,000230,00146083,20210329
920,에이테크솔루션,071670,00384887,20210330
921,셀리버리,268600,01182444,20210225
922,우주일렉트로,065680,00390903,20210225
923,아남전자,008700,00138516,20210225
924,룽투코리아,060240,00373571,20210225
925,락앤락,115390,00561866,20210225
926,이라이콤,041520,00137289,20210226
927,대보마그네틱,290670,01259418,20210302
928,한미글로벌,053690,00413523,20210302
929,동아지질,028100,00178754,20210302
930,센트랄모텍,308170,00450010,20210302
931,이루다,164060,01142400,20210302
932,코셋,189350,00965062,20210302
933,코아스템,166480,00989664,20210302
934,다이노나,086080,00364111,20210319
935,종근당홀딩스,001630,00149354,20210329
936,청담러닝,096240,00525882,20210329
937,진흥기업,002780,00150828,20210329
938,로보스타,090360,00536523,20210329
939,태광산업,003240,00153393,20210329
940,장원테크,174880,00659684,20210329
941,풍산홀딩스,005810,00155531,20210329
942,코스메카코리아,241710,00763473,20210329
943,한국프랜지공업,010100,00160418,20210329
944,나무가,190510,00819374,20210329
945,퍼시스,016800,00161709,20210329
946,에이치엔티,176440,00872452,20210329
947,한올바이오파마,009420,00162586,20210329
948,필옵틱스,161580,00938721,20210329
949,오션브릿지,241790,01113754,20210329
950,코스맥스비티아이,044820,00219574,20210329
951,잉글우드랩,950140,01165739,20210329
952,한화플러스제1호스팩,340440,01416572,20210329
953,CJ대한통운,000120,00113410,20210330
954,비츠로테크,042370,00103644,20210330
955,명문제약,017180,00121039,20210330
956,CJ프레시웨이,051500,00127954,20210330
957,에쓰씨엔지니어링,023960,00121969,20210330
958,서한,011370,00131504,20210330
959,에코플라스틱,038110,00139153,20210330
960,코오롱,002020,00152862,20210330
961,한탑,002680,00140566,20210330
962,이화전기,024810,00145738,20210330
963,국동,005320,00168331,20210330
964,피제이전자,006140,00155735,20210330
965,CJ CGV,079160,00303873,20210330
966,시그네틱스,033170,00158219,20210330
967,교촌에프앤비,339770,00453284,20210330
968,동국산업,005160,00172680,20210330
969,진도,088790,00557933,20210330
970,리더스코스메틱,016100,00180263,20210330
971,미원홀딩스,107590,00706715,20210330
972,미래엔에듀파트너,208890,00876209,20210225
973,일동제약,249420,01168383,20210225
974,엔터미디어,068420,00407975,20210225
975,신일제약,012790,00137058,20210223
976,알보젠코리아,002250,00105244,20210302
977,한창제지,009460,00163761,20210302
978,대화제약,067080,00210740,20210309
979,태림페이퍼,019300,00118460,20210319
980,풍림산업,001310,00155498,20210319
981,명신산업,009900,00173078,20210319
982,제일제강,023440,00148531,20210322
983,도화엔지니어링,002150,00114552,20210322
984,KG동부제철,016380,00115676,20210322
985,이엠텍,091120,00541163,20210322
986,삼성중공업,010140,00126478,20210322
987,테크트랜스,258050,01246742,20210225
988,셀리드,299660,01235296,20210225
989,소프트캠프,258790,01182408,20210225
990,에스에프씨,112240,00450339,20210226
991,옵티시스,109080,00660291,20210226
992,이엔드디,101360,00619640,20210223
993,가온미디어,078890,00441304,20210223
994,에스앤에스텍,101490,00411048,20210302
995,에스엔피제네틱스,086460,00548519,20210302
996,트루윈,105550,00766106,20210302
997,효성,004800,00117188,20210309
998,렌딩머신,179720,00978075,20210310
999,풀무원,017810,00155355,20210310
1000,삼일제약,000520,00128032,20210322
1001,유한양행,000100,00145109,20210322
1002,삼성물산,028260,00149655,20210322
1003,LG유플러스,032640,00231363,20210322
1004,대한유화,006650,00260383,20210322
1005,만도,204320,01042775,20210322
1006,피엔아이컴퍼니,242350,00990563,20210322
1007,제이알글로벌리츠,348950,01415892,20210302
1008,우진아이엔에스,010400,00143262,20210224
1009,한국공항,005430,00156691,20210224
1010,씨엠에스에듀,225330,00914040,20210225
1011,제네시스디벨롭먼트홀딩스,053320,00350738,20210225
1012,에이에프더블류,312610,01223219,20210226
1013,삼원강재,023000,00191588,20210302
1014,DL,000210,00109693,20210322
1015,현대오토에버,307950,00362441,20210329
1016,LF,093050,00593032,20210329
1017,CJ제일제당,097950,00635134,20210329
1018,패션플랫폼,225590,01101041,20210224
1019,한송네오텍,226440,01101722,20210225
1020,비즈니스온,138580,01014657,20210225
1021,틸론,217880,00976615,20210225
1022,성지건설,005980,00133238,20210225
1023,삼아알미늄,006110,00126779,20210226
1024,흥구석유,024060,00167004,20210302
1025,성우전자,081580,00364306,20210323
1026,잇츠한불,226320,00911955,20210329
1027,코스맥스,192820,01009789,20210329
1028,서연이화,200880,01036446,20210329
1029,마크로젠,038290,00261373,20210224
1030,동일산업,004890,00172936,20210224
1031,휴젤,145020,00888347,20210224
1032,한국9호스팩,368770,01513440,20210225
1033,동양파일,228340,00993931,20210225
1034,경동나비엔,009450,00101488,20210223
1035,삼양식품,003230,00126955,20210302
1036,THE E&M,089230,00519252,20210302
1037,우리금융캐피탈,033660,00209443,20210420
1038,삼일씨엔에스,004440,00109806,20210302
1039,셰프라인,012250,00142591,20210302
1040,유안타제8호스팩,367480,01504910,20210406
1041,휴맥스,115160,00787057,20210409
1042,테이팩스,055490,00256955,20210409
1043,아세아시멘트,183190,00990165,20210409
1044,탑선,180060,00874937,20210409
1045,감성코퍼레이션,036620,00261009,20210412
1046,EMB,278990,01117246,20210412
1047,폴라리스오피스,041020,00269852,20210412
1048,레몬,294140,01011395,20210412
1049,네오리진,094860,00599106,20210423
1050,연이비앤티,090740,00495554,20210428
1051,피앤씨테크,237750,00525864,20210428
1052,롯데쇼핑,023530,00120526,20210428
1053,뷰웍스,100120,00609324,20210428
1054,센트럴인사이트,012600,00151863,20210428
1055,SK,034730,00181712,20210428
1056,쿠콘,294570,01311055,20210428
1057,로보쓰리,238500,01118643,20210428
1058,용평리조트,070960,00365989,20210420
1059,에스케이바이오팜,326030,00878696,20210408
1060,에스아이리소스,065420,00120906,20210412
1061,코리아에셋투자증권,190650,00304915,20210331
1062,신영증권,001720,00136721,20210331
1063,부산은행,005280,00124106,20210423
1064,동원F&B,049770,00340917,20210303
1065,이노와이즈,086250,00166333,20210303
1066,광전자,017900,00152729,20210408
1067,신라젠,215600,00919966,20210408
1068,KH 일렉트론,111870,00125965,20210427
1069,블루탑,191600,00611286,20210427
1070,이즈미디어,181340,00861720,20210331
1071,바이오로그디바이스,208710,01047707,20210331
1072,시스웍,269620,01188378,20210331
1073,이베스트이안스팩1호,323210,01366365,20210331
1074,이베스트스팩5호,349720,01436336,20210331
1075,세틀뱅크,234340,00763701,20210305
1076,동원금속,018500,00118008,20210308
1077,케어젠,214370,00549891,20210409
1078,수산중공업,017550,00135111,20210409
1079,엠로,058970,00396925,20210409
1080,롯데손해보험,000400,00113562,20210401
1081,삼보산업,009620,00125822,20210401
1082,에코마이스터,064510,00127699,20210401
1083,일진머티리얼즈,020150,00113997,20210401
1084,모베이스전자,012860,00137234,20210401
1085,한국알콜,017890,00158565,20210401
1086,코너스톤네트웍스,033110,00194275,20210401
1087,아시아나항공,020560,00138792,20210401
1088,경동인베스트,012320,00143527,20210401
1089,UCI,038340,00215976,20210401
1090,제일연마,001560,00148461,20210401
1091,티씨케이,064760,00245472,20210401
1092,COWON,056000,00361266,20210401
1093,한국내화,010040,00160205,20210401
1094,새론오토모티브,075180,00305668,20210409
1095,신세계I&C,035510,00219486,20210412
1096,넥스턴바이오,089140,00416414,20210421
1097,강남제비스코,000860,00100939,20210421
1098,아센디오,012170,00145437,20210421
1099,코윈테크,282880,01211232,20210421
1100,이삭엔지니어링,351330,01135640,20210421
1101,해성티피씨,059270,00453442,20210421
1102,깨끗한나라,004540,00113492,20210427
1103,SK디스커버리,006120,00131832,20210414
1104,SBS콘텐츠허브,046140,00280688,20210414
1105,가온전선,000500,00104768,20210419
1106,남해화학,025860,00107987,20210419
1107,싸이버원,356890,01293953,20210311
1108,프레스티지바이오로직스,334970,01258428,20210311
1109,이크레더블,092130,00634728,20210409
1110,대유플러스,000300,00126089,20210412
1111,팬젠,222110,00962922,20210302
1112,아시아나IDT,267850,00458234,20210401
1113,컴투스,078340,00476498,20210401
1114,KEC,092220,00589127,20210401
1115,서울바이오시스,092190,00488402,20210401
1116,에어부산,298690,00651901,20210401
1117,제이스텍,090470,00493185,20210401
1118,에스와이,109610,00535481,20210401
1119,관악산업,076340,00321204,20210401
1120,모바일리더,100030,00641171,20210401
1121,바이오프로테크,199290,00669450,20210401
1122,엔시트론,101400,00641393,20210401
1123,미애부,225850,00866594,20210401
1124,래몽래인,200350,00990819,20210401
1125,스킨앤스킨,159910,00896753,20210401
1126,엠앤씨생명과학,225860,01116274,20210401
1127,나무기술,242040,01136348,20210401
1128,NHN벅스,104200,00645089,20210413
1129,젠큐릭스,229000,01051472,20210413
1130,미래SCI,028040,00111865,20210413
1131,SBI인베스트먼트,019550,00156910,20210413
1132,샘코,263540,00971090,20210422
1133,포스코,005490,00155319,20210315
1134,화승코퍼레이션,013520,00166272,20210315
1135,데이터스트림즈,199150,00553025,20210414
1136,웅진씽크빅,095720,00628189,20210414
1137,포스코엠텍,009520,00128111,20210316
1138,동화약품,000020,00119195,20210316
1139,네오이뮨텍,950220,01511558,20210316
1140,TS트릴리온,317240,01353024,20210316
1141,에이스침대,003800,00140052,20210317
1142,나인테크,267320,01208849,20210401
1143,베스파,299910,01259056,20210401
1144,대성홀딩스,016710,00108940,20210401
1145,IBKS제15호스팩,373200,01514698,20210426
1146,유일에너테크,340930,01368637,20210426
1147,대한항공,003490,00113526,20210422
1148,퓨쳐켐,220100,01053540,20210315
1149,현대무벡스,319400,01358463,20210319
1150,주노콜렉션,221670,01076550,20210226
1151,케이씨티시,009070,00103042,20210226
1152,프리시젼바이오,335810,01137295,20210317
1153,전방,000950,00147222,20210415
1154,세원이앤씨,091090,00585219,20210421
1155,광주신세계,037710,00220561,20210415
1156,엔에프씨,265740,01217829,20210319
1157,LIG넥스원,079550,00503668,20210323
1158,SK머티리얼즈,036490,00110051,20210420
1159,와이더플래닛,321820,01116502,20210401
1160,자안코스메틱,219550,01089378,20210419
1161,에이치디,102210,00299358,20210419
1162,한국아트라스비엑스,023890,00159290,20210419
1163,지티지웰니스,219750,01031229,20210419
1164,현대에너지솔루션,322000,01199550,20210421
1165,드림텍,192650,00415646,20210225
1166,동일제강,002690,00118451,20210331
1167,율촌화학,008730,00145260,20210331
1168,SG글로벌,001380,00152039,20210416
1169,블루베리 NFT,044480,00173449,20210416
1170,동성케미컬,102260,00679314,20210416
1171,케이엠더블유,032500,00226352,20210416
1172,동성화학,005190,00116356,20210416
1173,삼표시멘트,038500,00239639,20210416
1174,투비소프트,079970,00596260,20210416
1175,폴라리스웍스,123010,00615723,20210416
1176,원익피앤이,131390,00785475,20210416
1177,대창단조,015230,00112679,20210223
1178,씨앤에스자산관리,032040,00173731,20210226
1179,원익큐브,014190,00128175,20210409
1180,인바이츠바이오코아,216400,00537221,20210409
1181,골드앤에스,035290,00249502,20210409
1182,현대이지웰,090850,00656951,20210409
1183,KH E&T,226360,01097906,20210409
1184,골프존데카,183410,00764807,20210407
1185,계룡건설산업,013580,00102432,20210225
1186,뉴아세아조인트,013340,00138695,20210225
1187,피엔케이피부임상연구센타,347740,01290381,20210331
1188,광림,014200,00103635,20210402
1189,사조산업,007160,00124799,20210402
1190,현대사료,016790,00164618,20210402
1191,코맥스,036690,00268118,20210402
1192,MP그룹,065150,00390860,20210402
1193,바이브컴퍼니,301300,00403793,20210402
1194,하이로닉,149980,00977641,20210402
1195,수젠텍,253840,01063954,20210402
1196,센트럴바이오,051980,00347716,20210407
1197,케이비제19호스팩,330990,01393299,20210407
1198,쌍용씨앤이,003410,00138224,20210407
1199,현대코퍼레이션,011760,00164812,20210407
1200,삼성SDI,006400,00126362,20210309
1201,이노인스트루먼트,215790,01065679,20210223
1202,한국테크놀로지,053590,00355548,20210405
1203,툴코리아,110660,00555740,20210405
1204,파세코,037070,00238153,20210413
1205,오리엔트정공,065500,00300405,20210407
1206,동서,026960,00144395,20210405
1207,메리츠화재,000060,00117744,20210401
1208,메리츠금융지주,138040,00860332,20210401
1209,한일홀딩스,003300,00162993,20210402
1210,코데즈컴바인,047770,00329093,20210331
1211,형지I&C,011080,00142713,20210331
1212,에스케이브로드밴드,033630,00243988,20210331
1213,현대에버다임,041440,00228536,20210415
1214,자안바이오,221610,00493431,20210415
1215,DRB동일,004840,00118266,20210415
1216,KTis,058860,00372873,20210413
1217,일신석재,007110,00146296,20210413
1218,디엔에프,092070,00569691,20210413
1219,TYM,002900,00117230,20210414
1220,피에이치에이,043370,00155151,20210414
1221,수성이노베이션,084180,00243979,20210414
1222,SUN&L,002820,00132211,20210414
1223,에스피엠씨,074000,00447982,20210405
1224,한국애보트진단,066930,00317089,20210409
1225,DL이앤씨,375500,01524093,20210409
1226,미코바이오메드,214610,01049167,20210225
1227,자이언트스텝,289220,01264438,20210413
1228,에이치엘비,028300,00199252,20210402
1229,비디아이,148140,00610490,20210415
1230,툴젠,199800,00547510,20210401
1231,DL건설,001880,00128971,20210408
1232,초록뱀미디어,047820,00299464,20210408
1233,알체라,347860,01405451,20210408
1234,유진스팩6호,373340,01514519,20210408
1235,LG생활건강,051900,00356370,20210406
1236,클리노믹스,352770,01201970,20210402
1237,기아,000270,00106641,20210405
1238,대호특수강,021040,00166175,20210405
1239,동원수산,030720,00118044,20210405
1240,한양이엔지,045100,00216762,20210405
1241,유양디앤유,011690,00144720,20210405
1242,아이피몬스터,223220,01060735,20210419
1243,현대에이치티,039010,00255044,20210419
1244,초록뱀컴퍼니,052300,00349811,20210419
1245,하이브,352820,01204056,20210414
1246,현대중공업지주,267250,01205709,20210414
1247,RF머트리얼즈,327260,01343665,20210414
1248,포스코플랜텍,051310,00181934,20210415
1249,청보산업,013720,00151605,20210413
1250,금호건설,002990,00106313,20210413
1251,LS전선아시아,229640,01093007,20210413
1252,코디,080530,00308559,20210413
1253,구스앤홈,329050,01337114,20210413
1254,일정실업,008500,00146542,20210422
1255,KC산업,112190,00366517,20210422
1256,지오씨,135160,00657756,20210422
1257,하나은행,004940,00158909,20210422
1258,롯데정밀화학,004000,00157681,20210406
1259,진양홀딩스,100250,00646732,20210223
1260,삼화전기,009470,00129271,20210223
1261,에이프로젠 KIC,007460,00152385,20210308
1262,쌍용자동차,003620,00138242,20210311
1263,티엘비,356860,00920379,20210224
1264,삼보오토,070080,00430089,20210224
1265,대동,000490,00109286,20210423
1266,메이슨캐피탈,021880,00136101,20210423
1267,KH 필룩스,033180,00193009,20210423
1268,고려아연,010130,00102858,20210325
1269,대한광통신,010170,00113261,20210325
1270,와이지-원,019210,00139719,20210325
1271,현대위아,011210,00106623,20210325
1272,교보증권,030610,00113359,20210325
1273,한일현대시멘트,006390,00164672,20210325
1274,한컴MDS,086960,00445841,20210325
1275,한솔인티큐브,070590,00470829,20210325
1276,현대모비스,012330,00164788,20210325
1277,모다이노칩,080420,00480048,20210325
1278,알파홀딩스,117670,00605124,20210325
1279,SK렌터카,068400,00201450,20210325
1280,녹십자웰빙,234690,01135057,20210325
1281,SNT홀딩스,036530,00225159,20210325
1282,썬테크,217320,00963000,20210225
1283,이마트에브리데이,010090,00164308,20210331
1284,월덱스,101160,00580065,20210408
1285,에스원,012750,00158501,20210223
1286,스맥,099440,00580056,20210226
1287,DB금융스팩9호,367360,01505469,20210407
1288,GS글로벌,001250,00138190,20210310
1289,좋은사람들,033340,00205003,20210423
1290,누리플렉스,040160,00269889,20210423
1291,지유온,111820,00689418,20210423
1292,엔에이치스팩13호,310840,01336391,20210423
1293,엔에이치스팩16호,353190,01453670,20210423
1294,엔에이치스팩17호,359090,01487446,20210423
1295,솔루스첨단소재,336370,01412822,20210423
1296,비케이탑스,030790,00273615,20210325
1297,동아에스티,170900,00956930,20210325
1298,노브메타파마,229500,01065785,20210325
1299,엘에스일렉트릭,010120,00105855,20210326
1300,국일제지,078130,00104573,20210326
1301,대성엘텍,025440,00110583,20210326
1302,신신제약,002800,00136448,20210326
1303,국일신동,060480,00203847,20210326
1304,디피씨,026890,00117498,20210326
1305,세기상사,002420,00133618,20210326
1306,희림,037440,00236863,20210326
1307,에넥스,011090,00139764,20210326
1308,파워로직스,047310,00269612,20210326
1309,자화전자,033240,00146861,20210326
1310,퍼스텍,010820,00148522,20210326
1311,신흥,004080,00173795,20210302
1312,씨디네트웍스,073710,00493501,20210302
1313,영화테크,265560,00659976,20210413
1314,휴온스글로벌,084110,00228059,20210311
1315,경방,000050,00101628,20210225
1316,한솔홈데코,025750,00203582,20210408
1317,이에스에이,052190,00347877,20210326
1318,KTB투자증권,030210,00156859,20210326
1319,넥스트BT,065170,00384717,20210326
1320,와토스코리아,079000,00455875,20210326
1321,동국알앤에스,075970,00472890,20210326
1322,에이치시티,072990,00527464,20210326
1323,삼양사,145990,00896285,20210326
1324,디와이피엔에프,104460,00602136,20210326
1325,타이거일렉,219130,00617314,20210326
1326,네오위즈,095660,00628860,20210326
1327,단디바이오,343090,01413371,20210326
1328,강스템바이오텍,217730,01025644,20210326
1329,지엔원에너지,270520,01228515,20210326
1330,포인트엔지니어링,256630,01179608,20210225
1331,캐리소프트,317530,01267222,20210302
1332,한국특강,007280,00124090,20210426
1333,현대코퍼레이션홀딩스,227840,01108099,20210426
1334,지투알,035000,00140168,20210413
1335,아이텍,119830,00626011,20210422
1336,티에이치엔,019180,00118965,20210302
1337,동우팜투테이블,088910,00228712,20210302
1338,더블유게임즈,192080,01010110,20210407
1339,에이치엘사이언스,239610,01011438,20210315
1340,인포바인,115310,00491415,20210318
1341,SCI평가정보,036120,00260745,20210409
1342,네패스아크,330860,01368354,20210326
1343,두산퓨얼셀,336260,01412725,20210330
1344,링크제니시스,219420,01109955,20210302
1345,현대홈쇼핑,057050,00412597,20210315
1346,판타지오,032800,00231691,20210422
1347,한국전자홀딩스,006200,00159254,20210226
1348,DB,012030,00163345,20210226
1349,비츠로셀,082920,00154718,20210226
1350,웹케시,053580,00323868,20210224
1351,제일전기공업,199820,00148470,20210225
1352,파멥신,208340,00972293,20210223
1353,상아프론테크,089980,00181299,20210223
1354,씨젠,096530,00788773,20210223
1355,동남합성,023450,00115065,20210223
1356,코리아에프티,123410,00803425,20210226
1357,에스트래픽,234300,01014055,20210224
1358,엔지브이아이,093510,00521433,20210224
1359,네오팜,092730,00551920,20210224
1360,아이씨디,040910,00298377,20210225
1361,오르비텍,046120,00297989,20210226
1362,이루온,065440,00390514,20210226
1363,이오플로우,294090,01274310,20210226
1364,아주IB투자,027360,00156895,20210226
1365,이랜시스,264850,01199189,20210224
1366,레이,228670,00828761,20210226
1367,올리패스,244460,01070149,20210226
1368,인탑스,049070,00226866,20210226
1369,테크윙,089030,00535676,20210223
1370,케이피티유,054410,00357607,20210223
1371,티움바이오,321550,01335930,20210223
1372,한국화장품,123690,00823429,20210223
1373,원포유,122830,00337296,20210226
1374,대주산업,003310,00112457,20210226
1375,에이스캠퍼,322190,01412938,20210225
1376,마니커에프앤지,195500,00770312,20210226
1377,상신이디피,091580,00480783,20210226
1378,환인제약,016580,00166573,20210223
1379,유니켐,011330,00137207,20210223
1380,국전약품,307750,01329957,20210223
1381,엔지켐생명과학,183490,00606886,20210223
1382,이십일스토어,270020,01183407,20210223
1383,티케이케미칼,104480,00693554,20210223
1384,미코,059090,00366942,20210226
1385,광명전기,017040,00103662,20210224
1386,크리스탈지노믹스,083790,00407814,20210226
1387,엠에스오토텍,123040,00259545,20210223
1388,SBS미디어홀딩스,101060,00650629,20210223
1389,켐온,217600,01070857,20210223
1390,지노믹트리,228760,01108248,20210223
1391,경남에너지,008020,00101336,20210223
1392,듀켐바이오,176750,00867034,20210223
1393,메가엠디,133750,00807555,20210224
1394,한독,002390,00161046,20210225
1395,샘표,007540,00130091,20210226
1396,노바텍,285490,01259232,20210226
1397,대신밸런스제7호스팩,332290,01394669,20210226
1398,SPC삼립,005610,00125530,20210226
1399,제놀루션,225220,01062177,20210223
1400,덕산하이메탈,077360,00471068,20210223
1401,미원상사,002840,00121932,20210223
1402,웰크론한텍,076080,00487546,20210224
1403,리메드,302550,01275665,20210224
1404,IBKS제14호스팩,351320,01440153,20210224
1405,삼정펄프,009770,00128227,20210224
1406,인터로조,119610,00604426,20210226
1407,천보,278280,00897752,20210223
1408,에프엔에스테크,083500,00476036,20210223
1409,압타머사이언스,291650,01265251,20210223
1410,아이에이,038880,00252269,20210223
1411,샘표식품,248170,01167056,20210226
1412,삼익악기,002450,00127857,20210226
1413,피엔에스커튼월,033220,00107303,20210226
1414,신테카바이오,226330,01344336,20210226
1415,녹십자셀,031390,00198378,20210226
1416,풍산,103140,00684714,20210226
1417,캐스텍코리아,071850,00302582,20210225
1418,대림제지,017650,00109781,20210226
1419,이구산업,025820,00145464,20210226
1420,에이치디씨영창,001890,00141282,20210226
1421,휴마시스,205470,01042979,20210226
1422,미주제강,002670,00115472,20210223
1423,티라유텍,322180,01309388,20210223
1424,동방아그로,007590,00115384,20210223
1425,우양에이치씨,101970,00450931,20210223
1426,한창,005110,00163716,20210226
1427,위더스제약,330350,00765851,20210226
1428,롯데정보통신,286940,01262032,20210226
1429,얼라인드,238120,01073678,20210226
1430,에스제이엠홀딩스,025530,00181943,20210226
1431,아이퀘스트,262840,01146822,20210223
1432,금오하이텍,165270,00659815,20210223
1433,엔에스,217820,01020843,20210223
1434,성원,015200,00133089,20210223
1435,네온테크,306620,01325429,20210223
1436,아세아,002030,00138701,20210223
1437,파커스,065690,00384762,20210223
1438,오스템임플란트,048260,00341916,20210223
1439,에스제이그룹,306040,01222432,20210223
1440,미원에스씨,268280,01234297,20210223
1441,대모,317850,00450995,20210223
1442,한중엔시에스,107640,00474588,20210226
1443,더블유에스아이,299170,01318261,20210226
1444,케이디지엠텍,032290,00183215,20210226
1445,피노텍,150440,00990262,20210226
1446,엔바이오니아,317870,00964595,20210226
1447,라파스,214260,01058101,20210226
1448,케이엔제이,272110,00769158,20210226
1449,와이엔텍,067900,00190756,20210226
1450,에이텍티앤,224110,01099861,20210223
1451,영원무역,111770,00776820,20210223
1452,디케이앤디,263020,00892526,20210223
1453,삼성스팩2호,291230,01276901,20210223
1454,레이크머티리얼즈,281740,01255652,20210223
1455,대원제약,003220,00111999,20210223
1456,티앤엘,340570,00608440,20210226
1457,에스피지,058610,00220686,20210226
1458,웰크론,065950,00362159,20210226
1459,수산아이앤티,050960,00577016,20210226
1460,테스,095610,00524421,20210226
1461,엠투엔,033310,00143226,20210226
1462,인선이엔티,060150,00375931,20210225
1463,어보브반도체,102120,00591441,20210226
1464,휴비츠,065510,00398668,20210226
1465,케이엔더블유,105330,00606664,20210226
1466,미래생명자원,218150,01071944,20210226
1467,씨에스베어링,297090,00765462,20210226
1468,휴스틸,005010,00156488,20210226
1469,지앤이헬스케어,299480,01188749,20210226
1470,에스케이씨솔믹스,057500,00307189,20210226
1471,소룩스,290690,00605522,20210223
1472,덕우전자,263600,00571298,20210223
1473,태평양물산,007980,00154329,20210223
1474,엘디티,096870,00540571,20210223
1475,선바이오,067370,00407036,20210223
1476,아미노로직스,074430,00466428,20210223
1477,케이씨티,089150,00441447,20210223
1478,대창,012800,00112651,20210226
1479,하우리,049130,00352000,20210226
1480,럭스피아,092590,00578325,20210226
1481,알서포트,131370,00838962,20210226
1482,볼빅,206950,00756163,20210226
1483,에이비엘바이오,298380,01256864,20210226
1484,삼화네트웍스,046390,00301112,20210226
1485,비아트론,141000,00610083,20210226
1486,흥국에프엔비,189980,00916516,20210223
1487,윈팩,097800,00536286,20210223
1488,질경이,233990,01063556,20210223
1489,동양,001520,00117337,20210223
1490,서울식품공업,004410,00130879,20210223
1491,그린플러스,186230,00602279,20210226
1492,우리손에프앤지,073560,00413417,20210226
1493,오로스테크놀로지,322310,01016479,20210224
1494,바디텍메드,206640,01046708,20210224
1495,삼환기업,000360,00129411,20210225
1496,롯데리츠,330590,01363818,20210226
1497,엠아이텍,179290,00531829,20210226
1498,하나마이크론,067310,00445054,20210226
1499,영진약품,003520,00141149,20210223
1500,에스앤디,260970,00560849,20210223
1501,쿠쿠홈시스,284740,01267684,20210223
1502,체리부로,066360,00216434,20210223
1503,한국컴퓨터지주,009760,00159874,20210223
1504,모비릭스,348030,01210190,20210223
1505,현대그린푸드,005440,00105280,20210223
1506,신비앤텍,070480,00446479,20210226
1507,대원모방,311840,01195828,20210226
1508,유진기업,023410,00184667,20210226
1509,휴럼,284420,01148909,20210226
1510,미디어젠,279600,01190124,20210226
1511,바이오니아,064550,00326731,20210226
1512,동성화인텍,033500,00231105,20210226
1513,신진에스엠,138070,00577380,20210226
1514,티플랙스,081150,00497631,20210226
1515,유안타제4호스팩,313750,01343920,20210223
1516,힘스,238490,00556712,20210223
1517,국도화학,007690,00104388,20210223
1518,한양증권,001750,00162416,20210223
1519,뉴트리,270870,01214248,20210226
1520,씨알푸드,236030,01085187,20210226
1521,하이골드3호,153360,00905316,20210226
1522,심팩인더스트리,005350,00123648,20210226
1523,오리온,271560,01238169,20210226
1524,아이진,185490,00945457,20210226
1525,아이케이세미콘,149010,00861100,20210226
1526,삼륭물산,014970,00125488,20210226
1527,한일단조,024740,00162832,20210226
1528,유안타제5호스팩,336060,01408999,20210223
1529,유안타제6호스팩,340360,01416642,20210223
1530,유안타제7호스팩,367460,01504804,20210223
1531,아톤,158430,00595182,20210223
1532,조광페인트,004910,00148920,20210223
1533,선익시스템,171090,00327819,20210223
1534,유비쿼스,264450,01203376,20210223
1535,동아엘텍,088130,00489243,20210223
1536,디지캡,197140,00681373,20210226
1537,안트로젠,065660,00631837,20210226
1538,이수앱지스,086890,00526872,20210226
1539,에스디생명공학,217480,01099667,20210226
1540,셀젠텍,258250,01117918,20210226
1541,에스제이엠,123700,00815369,20210226
1542,정다운,208140,01047415,20210226
1543,일진파워,094820,00485177,20210224
1544,켐트로닉스,089010,00371485,20210224
1545,한빛소프트,047080,00348292,20210225
1546,우원개발,046940,00363246,20210225
1547,한일건설,006440,00162780,20210226
1548,미래에셋대우스팩 5호,353490,01450105,20210223
1549,미스터블루,207760,01047840,20210223
1550,티로보틱스,117730,00867098,20210223
1551,극동유화,014530,00105156,20210223
1552,우전,052270,00291231,20210223
1553,삼아제약,009300,00126788,20210512
1554,신한지주,055550,00382199,20210512
1555,EDGC,245620,01182550,20210512
1556,부산도시가스,015350,00123967,20210601
1557,경남기업,000800,00101257,20210601
1558,에스엠화진,134780,00238977,20210602
1559,신한알파리츠,293940,01276594,20210526
1560,티피씨글로벌,130740,00578538,20210510
1561,세원정공,021820,00134316,20210602
1562,디젠스,113810,00576789,20210609
1563,셀루메드,049180,00310156,20210610
1564,KPX홀딩스,092230,00587466,20210526
1565,퓨전,195440,01113949,20210610
1566,혜인,003010,00165343,20210430
1567,디와이홀딩스,004510,00117382,20210527
1568,이지케어텍,099750,00490090,20210528
1569,인터파크,035080,00244561,20210527
1570,에코프로에이치엔,383310,01566248,20210528
1571,대신정보통신,020180,00110875,20210604
1572,엔에스엠,238170,01011872,20210609
1573,쎄트렉아이,099320,00449254,20210609
1574,동일철강,023790,00172945,20210510
1575,케이티,030200,00190321,20210510
1576,지니뮤직,043610,00223762,20210510
1577,KT서브마린,060370,00225742,20210510
1578,미래산업,025560,00197759,20210430
1579,LX홀딩스,383800,01562589,20210611
1580,제일테크노스,038010,00148595,20210528
1581,서울도시가스,017390,00130684,20210528
1582,스카이이앤엠,131100,00814786,20210528
1583,서주산업개발,016140,00131328,20210604
1584,NICE,034310,00158316,20210611
1585,앤디포스,238090,00942131,20210614
1586,에스앤씨엔진그룹리미티드,900080,00786331,20210614
1587,엠게임,058630,00397058,20210531
1588,크리스에프앤씨,110790,00522007,20210531
1589,바이오솔루션,086820,00560982,20210531
1590,바이오시네틱스,281310,01186671,20210510
1591,국순당,043650,00256715,20210510
1592,제일기획,030000,00148276,20210510
1593,삼성전기,009150,00126371,20210510
1594,엔투텍,227950,01105621,20210614
1595,EMW,079190,00479705,20210615
1596,신성통상,005390,00136341,20210615
1597,애드바이오텍,179530,01022902,20210601
1598,휴켐스,069260,00426086,20210601
1599,전진바이오팜,110020,00632793,20210601
1600,삼성공조,006660,00126201,20210601
1601,KG ETS,151860,00366137,20210602
1602,조선내화,000480,00148984,20210510
1603,효성 ITX,094280,00414850,20210510
1604,팬오션,028670,00122737,20210510
1605,생고뱅코리아홀딩스,002000,00159005,20210510
1606,코렌,078650,00477257,20210603
1607,IBKS제13호스팩,351340,01440481,20210603
1608,카이노스메드,284620,01263527,20210603
1609,넥상스코리아,003050,00110547,20210603
1610,케이씨씨글라스,344820,01428203,20210603
1611,삼양홀딩스,000070,00126937,20210510
1612,코웨이,021240,00170558,20210517
1613,에이치엘비제약,047920,00336817,20210517
1614,한국쉘석유,002960,00158149,20210604
1615,휴온스블러썸,263920,01185566,20210604
1616,에이팸,073070,00235147,20210604
1617,이성씨엔아이,379390,01365384,20210604
1618,테스나,131970,00563545,20210507
1619,HDC,012630,00164636,20210510
1620,HDC현대EP,089470,00357935,20210510
1621,한솔제지,213500,01060744,20210506
1622,YG PLUS,037270,00249247,20210430
1623,한일화학,007770,00267979,20210430
1624,엔에스쇼핑,138250,00406392,20210430
1625,성호전자,043260,00317210,20210430
1626,빛샘전자,072950,00359261,20210430
1627,아이크래프트,052460,00405719,20210430
1628,케이사인,192250,01003040,20210430
1629,스타모빌리티,158310,00923899,20210429
1630,고려제약,014570,00103015,20210610
1631,진매트릭스,109820,00552992,20210510
1632,에스티팜,237690,00871833,20210510
1633,엔솔바이오사이언스,140610,01018802,20210611
1634,금호석유화학,011780,00106368,20210616
1635,에이디엠코리아,187660,01409022,20210616
1636,아진카인텍,011400,00173069,20210616
1637,대한화섬,003830,00113544,20210510
1638,세동,053060,00133663,20210510
1639,대양금속,009190,00111111,20210510
1640,선데이토즈,123420,00815767,20210510
1641,피피아이,062970,00403766,20210430
1642,남화산업,111710,00245694,20210430
1643,위메이드,112040,00444329,20210507
1644,휘닉스소재,050090,00369569,20210520
1645,대동전자,008110,00157104,20210520
1646,이월드,084680,00540605,20210520
1647,솔루에타,154040,00624518,20210510
1648,아모레퍼시픽,090430,00583424,20210510
1649,아모레퍼시픽그룹,002790,00154462,20210510
1650,한온시스템,018880,00161125,20210510
1651,유니온,000910,00144252,20210510
1652,티에스이,131290,00372226,20210510
1653,핸디소프트,220180,00793155,20210510
1654,현대바이오랜드,052260,00347062,20210510
1655,휴메딕스,200670,00614478,20210510
1656,두산인프라코어,042670,00344287,20210510
1657,한섬,020000,00188089,20210510
1658,에스엘바이오닉스,214310,00957568,20210430
1659,현대제철,004020,00145880,20210507
1660,부산산업,011390,00124027,20210510
1661,제이엘케이,322510,01153293,20210510
1662,한전기술,052690,00159209,20210510
1663,하이제6호스팩,377400,01526949,20210510
1664,무림SP,001810,00121507,20210510
1665,삼천리자전거,024950,00128607,20210510
1666,팜젠사이언스,004720,00135050,20210510
1667,유니온머티리얼,047400,00369833,20210510
1668,유안타증권,003470,00117601,20210510
1669,LG화학,051910,00356361,20210510
1670,쏠리드,050890,00364403,20210510
1671,진에어,272450,00653024,20210510
1672,현대퓨처넷,126560,00403632,20210510
1673,참엔지니어링,009310,00153621,20210510
1674,휴맥스홀딩스,028080,00219440,20210430
1675,제이시스메디칼,287410,01267602,20210430
1676,인피니티엔티,016670,00125725,20210520
1677,샘씨엔에스,252990,01199727,20210520
1678,휴먼엔,032860,00205687,20210525
1679,NH프라임리츠,338100,01391033,20210525
1680,레드로버,060300,00364795,20210525
1681,이디티,215090,01063884,20210525
1682,티비씨,033830,00204642,20210525
1683,남양유업,003920,00107598,20210525
1684,E1,017940,00165583,20210510
1685,코오롱생명과학,102940,00525642,20210510
1686,한세실업,105630,00728638,20210510
1687,한세예스24홀딩스,016450,00161976,20210510
1688,한화에어로스페이스,012450,00126566,20210510
1689,노바렉스,194700,00811372,20210510
1690,현대건설,000720,00164478,20210512
1691,삼영화학공업,003720,00127255,20210506
1692,일레덱스홀딩스,033550,00268011,20210506
1693,넷게임즈,225570,01096341,20210507
1694,오텍,067170,00397289,20210507
1695,신한,005450,00173740,20210517
1696,메가스터디,072870,00422284,20210517
1697,노랑풍선,104620,00632845,20210511
1698,종근당,185750,00992871,20210525
1699,대우건설,047040,00124540,20210608
1700,조이시티,067000,00397252,20210531
1701,STX엔진,077970,00480455,20210511
1702,에이피티씨,089970,00544577,20210511
1703,두산밥캣,241560,01032486,20210608
1704,엔시스,333620,01310773,20210531
1705,코원에너지서비스,026870,00112907,20210511
1706,국보디자인,066620,00253985,20210511
1707,참좋은여행,094850,00606770,20210511
1708,휴코드홀딩스,036840,00165361,20210513
1709,에이치피오,357230,01068737,20210514
1710,대한방직,001070,00112970,20210514
1711,동운아나텍,094170,00695969,20210511
1712,루멘스,038060,00406329,20210511
1713,빅텐츠,210120,00550082,20210511
1714,ISC,095340,00572905,20210511
1715,아이즈비전,031310,00200910,20210511
1716,한화,000880,00160588,20210511
1717,에이스테크,088800,00556907,20210511
1718,넥스트사이언스,003580,00169048,20210512
1719,상상인,038540,00306162,20210512
1720,두산건설,011160,00102760,20210512
1721,줌인터넷,239340,01128622,20210512
1722,금호타이어,073240,00481454,20210512
1723,F&F 홀딩스,007700,00126487,20210521
1724,엔에스엔,031860,00180865,20210521
1725,F&F,383220,01568413,20210521
1726,CMG제약,058820,00380429,20210521
1727,도부마스크,227420,01109690,20210609
1728,GST,083450,00540863,20210521
1729,엔에이치스팩19호,380440,01535257,20210521
1730,삼성스팩4호,377630,01528530,20210521
1731,삼영에스앤씨,361670,00405506,20210521
1732,일지테크,019540,00146560,20210531
1733,포스코 ICT,022100,00155212,20210503
1734,크로바하이텍,043590,00260611,20210511
1735,ESR켄달스퀘어리츠,365550,01437186,20210615
1736,한화시스템,272210,00339391,20210616
1737,유디피,091270,00612115,20210511
1738,삼강엠앤티,100090,00480367,20210511
1739,화승알앤에이,378850,01532603,20210429
1740,에너토크,019990,00169215,20210429
1741,에스지에이클라우드서비스,224880,01137897,20210506
1742,전우정밀,120780,00673301,20210506
1743,신세계푸드,031440,00274933,20210504
1744,이랜텍,054210,00206659,20210504
1745,유앤아이,056090,00346610,20210513
1746,다우기술,023590,00176914,20210511
1747,다우데이타,032190,00238782,20210511
1748,테크엔,308700,01016886,20210504
1749,한국파마,032300,00187770,20210511
1750,디와이,013570,00117179,20210511
1751,삼일,032280,00127909,20210504
1752,대동기어,008830,00109310,20210504
1753,화성밸브,039610,00217743,20210504
1754,쌍용정보통신,010280,00138303,20210511
1755,씨큐브,101240,00520610,20210430
1756,한화투자증권,003530,00148610,20210511
1757,대신증권,003540,00110893,20210511
1758,지니틱스,303030,01318933,20210504
1759,엔에이치스팩18호,365590,01505186,20210504
1760,현진소재,053660,00188715,20210511
1761,대양제지,006580,00111227,20210511
1762,피에이치씨,057880,00410739,20210511
1763,윈스,136540,00868705,20210511
1764,와이오엠,066430,00370200,20210511
1765,오상헬스케어,036220,00260657,20210429
1766,효성화학,298000,01316236,20210511
1767,롯데칠성음료,005300,00120571,20210511
1768,카카오게임즈,293490,01137383,20210511
1769,JYP Ent.,035900,00258689,20210511
1770,오이솔루션,138080,00571483,20210511
1771,현대공업,170030,00164502,20210511
1772,대우조선해양,042660,00111704,20210511
1773,동아쏘시오홀딩스,000640,00116824,20210511
1774,비플라이소프트,148780,00980043,20210511
1775,삼성엔지니어링,028050,00126308,20210511
1776,신라섬유,001000,00135999,20210511
1777,SK하이닉스,000660,00164779,20210511
1778,로지시스,067730,00238199,20210511
1779,효성티앤씨,298020,01316227,20210511
1780,주성엔지니어링,036930,00252135,20210601
1781,LG헬로비전,037560,00222532,20210518
1782,LG,003550,00120021,20210518
1783,SV인베스트먼트,289080,00599151,20210520
1784,골프존,215000,01067516,20210524
1785,롯데케미칼,011170,00165413,20210524
1786,리더스 기술투자,019570,00110750,20210517
1787,진원생명과학,011000,00118521,20210517
1788,한프,066110,00226228,20210517
1789,스포츠서울,039670,00298687,20210517
1790,티사이언티픽,057680,00372688,20210517
1791,에이비프로바이오,195990,00620558,20210517
1792,일승,333430,01396676,20210517
1793,씨앤씨인터내셔널,352480,01226410,20210517
1794,원텍,216280,00311270,20210517
1795,메리츠증권,008560,00163682,20210517
1796,웅진에너지,103130,00609485,20210518
1797,신한카드,032710,00307897,20210512
1798,한국정보통신,025770,00159342,20210601
1799,선도전기,007610,00131939,20210601
1800,STX중공업,071970,00406046,20210601
1801,씨엔플러스,115530,00660033,20210616
1802,폴라리스우노,114630,00663669,20210617
1803,삼성머스트스팩5호,380320,01534522,20210617
1804,라온테크,232680,00911229,20210617
1805,3S,060310,00378363,20210521
1806,수프로,185190,00830447,20210521
1807,기신정기,092440,00106614,20210527
1808,세방전지,004490,00133858,20210524
1809,케이티앤지,033780,00244455,20210513
1810,우리종금,010050,00104102,20210513
1811,현대차증권,001500,00137997,20210513
1812,미래에셋증권,006800,00111722,20210513
1813,미래에셋생명,085620,00112332,20210513
1814,NH투자증권,005940,00120182,20210513
1815,유진증권,001200,00131054,20210513
1816,한화생명,088350,00113058,20210513
1817,유비케어,032620,00220057,20210513
1818,유테크,178780,00923826,20210525
1819,국보,001140,00104519,20210429
1820,브이티지엠피,018290,00150165,20210526
1821,KPX생명과학,114450,00532059,20210526
1822,진시스템,363250,01437858,20210526
1823,세이브존I&C,067830,00422895,20210513
1824,스타플렉스,115570,00405959,20210513
1825,풀무원식품,103160,00684732,20210512
1826,해성디에스,195870,01032413,20210504
1827,SGA,049470,00351579,20210513
1828,대주전자재료,078600,00177816,20210513
1829,한국컴퓨터,054040,00303396,20210513
1830,코센,009730,00116426,20210513
1831,지코,010580,00147860,20210513
1832,유비온,084440,00531078,20210503
1833,삼진,032750,00173351,20210527
1834,GS홈쇼핑,028150,00207755,20210513
1835,바이오인프라생명과학,266470,01130885,20210513
1836,서울반도체,046890,00130763,20210504
1837,제주항공,089590,00555874,20210531
1838,디지탈옵틱,106520,00536329,20210518
1839,와이어블,065530,00250137,20210514
1840,하이트론씨스템즈,019490,00156150,20210607
1841,조광ILI,044060,00291860,20210607
1842,이브이첨단소재,131400,00533924,20210607
1843,이스트아시아홀딩스,900110,00799070,20210607
1844,행남사,008800,00164362,20210607
1845,제주맥주,276730,01230255,20210607
1846,THQ,192410,00623184,20210607
1847,에치에프알,230240,01108442,20210514
1848,SK이노베이션,096770,00631518,20210517
1849,에스엘,005850,00125521,20210517
1850,드림씨아이에스,223250,00916826,20210531
1851,효성오앤비,097870,00367385,20210531
1852,체시스,033250,00125576,20210601
1853,전북은행,006350,00147295,20210514
1854,바텍,043150,00264255,20210609
1855,한국앤컴퍼니,000240,00160047,20210603
1856,셀레믹스,331920,01114586,20210607
1857,에코프로비엠,247540,01160363,20210511
1858,농심,004370,00108241,20210514
1859,바이옵트로,222160,01037542,20210518
1860,금강철강,053260,00105475,20210518
1861,우리금융지주,316140,01350869,20210518
1862,우리은행,000030,00254045,20210518
1863,아세아제지,002310,00138729,20210609
1864,아이마켓코리아,122900,00360142,20210610
1865,삼성전자,005930,00126380,20210610
1866,SK바이오사이언스,302440,01319899,20210514
1867,SK아이이테크놀로지,361610,01386916,20210514
1868,애머릿지,900100,00781202,20210602
1869,씨앤티85,056730,00318662,20210615
1870,JB금융지주,175330,00980122,20210518
1871,현대리바트,079430,00300548,20210518
1872,위메이드맥스,101730,00643656,20210615
1873,효성첨단소재,298050,01316254,20210511
1874,ES큐브,050120,00175623,20210514
1875,대상,001680,00121941,20210514
1876,제우스,079370,00442570,20210514
1877,조은저축은행,031920,00136095,20210514
1878,두올,016740,00119672,20210513
1879,신흥에스이씨,243840,00807379,20210513
1880,이노션,214320,00565154,20210513
1881,케이씨텍,281820,01261893,20210512
1882,현대자동차,005380,00164742,20210512
1883,버킷스튜디오,066410,00378220,20210512
1884,코스맥스엔비티,222040,00656289,20210514
1885,한라홀딩스,060980,00299002,20210512
1886,AP시스템,265520,01203808,20210512
1887,원방테크,053080,00304076,20210512
1888,이마트,139480,00872984,20210512
1889,경동도시가스,267290,01208885,20210512
1890,세코닉스,053450,00351630,20210514
1891,굿센,243870,00565215,20210512
1892,시큐브,131090,00402110,20210512
1893,시큐센,232830,01113499,20210512
1894,인포마크,175140,00861997,20210512
1895,KSS해운,044450,00160232,20210512
1896,코아시아,045970,00271501,20210512
1897,NAVER,035420,00266961,20210512
1898,강원랜드,035250,00255619,20210512
1899,현대엘리베이터,017800,00164724,20210512
1900,흥아해운,003280,00167208,20210512
1901,콜마파마,038710,00334615,20210514
1902,한국항공우주,047810,00309503,20210514
1903,한국타이어앤테크놀로지,161390,00937324,20210512
1904,현대미포조선,010620,00164609,20210512
1905,신세계,004170,00136378,20210512
1906,SK디앤디,210980,00508344,20210531
1907,에이씨티,138360,00808068,20210531
1908,신한은행,000010,00149293,20210512
1909,신한금융투자,008670,00138321,20210512
1910,바른손,018700,00122205,20210503
1911,써니전자,004770,00138057,20210503
1912,우리조명,037400,00155692,20210503
1913,원익홀딩스,030530,00216647,20210503
1914,디피코,163430,01072518,20210503
1915,솔브레인홀딩스,036830,00247975,20210503
1916,EG,037370,00261054,20210503
1917,큐로홀딩스,051780,00296324,20210503
1918,에이치엘비파워,043220,00317487,20210503
1919,한국전자금융,063570,00363769,20210503
1920,드림어스컴퍼니,060570,00364467,20210503
1921,제넨바이오,072520,00408956,20210503
1922,WI,073570,00440712,20210503
1923,코스나인,082660,00442455,20210503
1924,칩스앤미디어,094360,00579971,20210503
1925,지스마트글로벌,114570,00673976,20210503
1926,뉴지랩파마,214870,00820389,20210503
1927,파마리서치,214450,00970453,20210503
1928,더네이쳐홀딩스,298540,01214743,20210503
1929,KTH,036030,00260958,20210513
1930,애큐온저축은행,007640,00111014,20210512
1931,오렌지라이프생명보험,079440,00176792,20210512
1932,삼성화재해상보험,000810,00139214,20210510
1933,우리기술투자,041190,00231664,20210527
1934,유유제약,000220,00144818,20210527
1935,씨엘인터내셔널,037340,00241236,20210527
1936,디아이티,110990,00576798,20210512
1937,한일시멘트,300720,01319808,20210527
1938,롯데푸드,002270,00120508,20210527
1939,우리로,046970,00296005,20210607
1940,삼성바이오로직스,207940,00877059,20210512
1941,나이스정보통신,036800,00264945,20210609
1942,파크시스템스,140860,00244747,20210617
1943,아이센스,099190,00550994,20210511
1944,다산네트웍스,039560,00268251,20210511
1945,맘스터치,220630,01089855,20210511
1946,대교,019680,00108913,20210512
1947,동국제강,001230,00114792,20210512
1948,모아텍,033200,00241209,20210513
1949,아리온,058220,00441128,20210611
1950,GV,045890,00455112,20210611
1951,SGA솔루션즈,184230,00988364,20210611
1952,아이엠텍,226350,00809517,20210611
1953,엘비루셈,376190,00527011,20210611
1954,한화솔루션,009830,00162461,20210503
1955,한국조선해양,009540,00164830,20210506
1956,라임,065160,00389387,20210512
1957,제주은행,006220,00148832,20210512
1958,신화실업,001770,00137809,20210503
1959,대원,007680,00111838,20210601
1960,제이씨현시스템,033320,00223513,20210601
1961,한솔홀딩스,004150,00171636,20210601
1962,이베스트투자증권,078020,00330424,20210601
1963,롯데하이마트,071840,00158307,20210602
1964,SM C&C,048550,00185046,20210602
1965,한국전력공사,015760,00159193,20210602
1966,상지카일룸,042940,00232007,20210602
1967,AJ네트웍스,095570,00365387,20210513
1968,한국코퍼레이션,050540,00302078,20210513
1969,KB손해보험,002550,00120216,20210513
1970,컨버즈,109070,00753643,20210513
1971,텔라움,047730,00304401,20210506
1972,뉴파워프라즈마,144960,00521390,20210602
1973,에이디테크놀로지,200710,00657002,20210602
1974,엘브이엠씨,900140,00838500,20210611
